1A0S,"A, B, C",SGFEFHGYARSGVIMNDSGASTKSGAYITPAGETGGAIGRLGNQADTYVEMNLEHKQTLDNGATTRFKVMVADGQTSYNDWTASTSDLNVRQAFVELGNLPTFAGPFKGSTLWAGKRFDRDNFDIHWIDSDVVFLAGTGGGIYDVKWNDGLRSNFSLYGRNFGDIDDSSNSVQNYILTMNHFAGPLQMMVSGLRAKDNDERKDSNGNLAKGDAANTGVHALLGLHNDSFYGLRDGSSKTALLYGHGLGAEVKGIGSDGALRPGADTWRIASYGTTPLSENWSVAPAMLAQRSKDRYADGDSYQWATFNLRLIQAINQNFALAYEGSYQYMDLKPEGYNDRQAVNGSFYKLTFAPTFKVGSIGDFFSRPEIRFYTSWMDWSKKLNNYASDDALGSDGFNSGGEWSFGVQMETWF,polypeptide(L)
1AF6,"A, B, C",VDFHGYARSGIGWTGSGGEQQCFQTTGAQSKYRLGNECETYAELKLGQEVWKEGDKSFYFDTNVAYSVAQQNDWEATDPAFREANVQGKNLIEWLPGSTIWAGKRFYQRHDVHMIDFYYWDISGPGAGLENIDVGFGKLSLAATRSSEAGGSSSFASNNIYDYTNETANDVFDVRLAQMEINPGGTLELGVDYGRANLRDNYRLVDGASKDGWLFTAEHTQSVLKGFNKFVVQYATDSMTSQGKGLSQGSGVAFDNEKFAYNINNNGHMLRILDHGAISMGDNWDMMYVGMYQDINWDNDNGTKWWTVGIRPMYKWTPIMSTVMEIGYDNVESQRTGDKNNQYKITLAQQWQAGDSIWSRPAIRVFATYAKWDEKWGYDYTGNADNNANFGKAVPADFNGGSFGRGDSDEWTFGAQMEIWW,polypeptide(L)
1AP9,A,QAQITGRPEWIWLALGTALMGLGTLYFLVKGMGVSDPDAKKFYAITTLVPAIAFTMYLSMLLGYGLTMVPFGGEQNPIYWARYADWLFTTPLLLLDLALLVDADQGTILALVGADGIMIGTGLVGALTKVYSYRFVWWAISTAAMLYILYVLFFGFTSKAESMRPEVASTFKVLRNVTVVLWSAYPVVWLIGSEGAGIVPLNIETLLFMVLDVSAKVGFGLILLRSRAIFGEAEAPEPSAGDGAAATS,polypeptide(L)
1BXW,A,MAPKDNTWYTGAKLGWSQYHDTGLINNNGPTHENKLGAGAFGGYQVNPYVGFEMGYDWLGRMPYKGSVENGAYKAQGVQLTAKLGYPITDDLDIYTRLGGMVWRADTYSNVYGKNHDTGVSPVFAGGVEYAITPEIATRLEYQWTNNIGDAHTIGTRPDNGMLSLGVSYRFG,polypeptide(L)
1FEP,A,QEPTDTPVSHDDTIVVTAAEQNLQAPGVSTITADEIRKNPVARDVSKIIRTMPGVNLTGNSTSGQRGNNRQIDIRGMGPENTLILIDGKPVSSRNSVRQGWRGERDTRGDTSWVPPEMIERIEVLRGPAAARYGNGAAGGVVNIITKKGSGEWHGSWDAYFNAPEHKEEGATKRTNFSLTGPLGDEFSFRLYGNLDKTQADAWDINQGHQSARAGTYATTLPAGREGVINKDINGVVRWDFAPLQSLELEAGYSRQGNLYAGDTQNTNSDSYTRSKYGDETNRLYRQNYALTWNGGWDNGVTTSNWVQYEHTRNSRIPEGLAGGTEGKFNEKATQDFVDIDLDDVMLHSEVNLPIDFLVNQTLTLGTEWNQQRMKDLSSNTQALTGTNTGGAIDGVSTTDRSPYSKAEIFSLFAENNMELTDSTIVTPGLRFDHHSIVGNNWSPALNISQGLGDDFTLKMGIARAYKAPSLYQTNPNYILYSKGQGCYASAGGCYLQGNDDLKAETSINKEIGLEFKRDGWLAGVTWFRNDYRNKIEAGYVAVGQNAVGTDLYQWDNVPKAVVEGLEGSLNVPVSETVMWTNNITYMLKSENKTTGDRLSIIPEYTLNSTLSWQAREDLSMQTTFTWYGKQQPKKYNYKGQPAVGPETKEISPYSIVGLSATWDVTKNVSLTGGVDNLFDKRLWRAGNAQTTGDLAGANYIAGAGAYTYNEPGRTWYMSVNTHF,polypeptide(L)
1LGH,"B, D, F, H",AERSLSGLTEEEAIAVHDQFKTTFSAFIILAAVAHVLVWVWKPWF,polypeptide(L)
1QD5,A,ARIRAPQEATVKEVHDAPAVRGSIIANMLQEHDNPFTLYPYDTNYLIYTQTSDLNKEAIASYDWAENARKDEVKFQLSLAFPLWRGILGPNSVLGASYTQKSWWQLSNSEESSPFRETNYEPQLFLGFATDYRFAGWTLRDVEMGYNHDSNGRSDPTSRSWNRLYTRLMAENGNWLVEVKPWYVVGNTDDNPDITKYMGYYQLKIGYHLGDAVLSAKGQYNWNTGYGGAELGLSYPITKHVRLYTQVYSGYGESLIDYNFNQTRVGVGVMLNDLF,polypeptide(L)
1QD6,"A, B",AVRGSIIANMLQE,polypeptide(L)
1QFG,A,AVEPKEDTITVTAAPAPQESAWGPAATIAARQSATGTKTDTPIQKVPQSISVVTAEEMALHQPKSVKEALSYTPGVSVGTRGASNTYDHLIIRGFAAEGQSQNNYLNGLKLQGNFYNDAVIDPYMLERAEIMRGPVSVLYGKSSPGGLLNMVSKRPTTEPLKEVQFKAGTDSLFQTGFDFSDSLDDDGVYSYRLTGLARSANAQQKGSEEQRYAIAPAFTWRPDDKTNFTFLSYFQNEPETGYYGWLPKEGTVEPLPNGKRLPTDFNEGAKNNTYSRNEKMVGYSFDHEFNDTFTVRQNLRFAENKTSQNSVYGYGVCSDPANAYSKQCAALAPADKGHYLARKYVVDDEKLQNFSVDTQLQSKFATGDIDHTLLTGVDFMRMRNDINAWFGYDDSVPLLNLYNPSSHHHHHHGSSVNTDFDFNAKDPANSGPYRILNKQKQTGVYVQDQAQWDKVLVTLGGRYDWADQESLNRVAGTTDKRDDKQFTWRGGVNYLFDNGVTPYFSYSESFEPSSQVGKDGNIFAPSKGKQYEVGVKYVPEDRPIVVTGAVYNLTKTNNLMADPEGSFFSVEGGEIRARGVEIEAKAALSASVNVVGSYTYTDAEYTTDTTYKGNTPAQVPKHMASLWADYTFFDGPLSGLTLGTGGRYTGSSYGDPANSFKVGSYTVVDALVRYDLARVGMAGSNVALHVNNLFDREYVASCFNTYGCFWGAERQVVATATFRF,polypeptide(L)
1QJ8,A,ATSTVTGGYAQSDAQGQMNKMGGFNLKYRYEEDNSPLGVIGSFTYTEKSRTASSGDYNKNQYYGITAGPAYRINDWASIYGVVGVGYGKFQTTEYPTYKNDTSDYGFSYGAGLQFNPMENVALDFSYEQSRIRSVDVGTWIAGVGYRF,polypeptide(L)
1QJP,A,APKDNTWYTGAKLGWSQYHDTGFINNNGPTHENKLGAGAFGGYQVNPYVGFEMGYDWLGRMPYKGSVENGAYKAQGVQLTAKLGYPITDDLDIYTRLGGMVWRADTYSNVYGKNHDTGVSPVFAGGVEYAITPEIATRLEYQWTNNIGDAHTIGTRPDNGMLSLGVSYRFG,polypeptide(L)
2MPR,"A, B, C",VDFHGYARSGIGWTGSGGEQQCFQATGAQSKYRLGNECETYAELKLGQEVWKEGDKSFYFDTNVAYSVNQQNDWESTDPAFREANVQGKNLIEWLPGSTIWAGKRFYQRHDVHMIDFYYWDISGPGAGIENIDLGFGKLSLAATRSTEAGGSYTFSSQNIYDEVKDTANDVFDVRLAGLQTNPDGVLELGVDYGRANTTDGYKLADGASKDGWMFTAEHTQSMLKGYNKFVVQYATDAMTTQGKGQARGSDGSSSFTEELSDGTKINYANKVINNNGNMWRILDHGAISLGDKWDLMYVGMYQNIDWDNNLGTEWWTVGVRPMYKWTPIMSTLLEVGYDNVKSQQTGDRNNQYKITLAQQWQAGDSIWSRPAIRIFATYAKWDEKWGYIKDGDNISRYAAATNSGISTNSRGDSDEWTFGAQMEIWW,polypeptide(L)
3PRN,A,MISLNGYGRFGLQYVEDRGVGLEDTIISSRLRINIVGTTETDQGVTFGAKLRMQWDDGDAFAGTAGNAAQFWTSYNGVTVSVGNVDTAFDSVALTYDSEMGYEWSSFGDAQSSFFAYNSKYDASGALDNYNGIAVTYSISGVNLYLSYVDPDQTVDSSLVTEEFGIAADWSNDMISLAAAYTTDAGGIVDNDIAFVGAAYKFNDAGTVGLNWYDNGLSTAGDQVTLYGNYAFGATTVRAYVSDIDRAGADTAYGIGADYQFAEGVKVSGSVQSGFANETVADVGVRFDF,polypeptide(L)
7AHL,"A, B, C, D, E, F, G",ADSDINIKTGTTDIGSNTTVKTGDLVTYDKENGMHKKVFYSFIDDKNHNKKLLVIRTKGTIAGQYRVYSEEGANKSGLAWPSAFKVQLQLPDNEVAQISDYYPRNSIDTKEYMSTLTYGFNGNVTGDDTGKIGGLIGANVSIGHTLKYVQPDFKTILESPTDKKVGWKVIFNNMVNQNWGPYDRDSWNPVYGNQLFMKTRNGSMKAADNFLDPNKASSLLSSGFSPDFATVITMDRKASKQQTNIDVIYERVRDDYQLHWTSTNWKGTNTKDKWTDRSSERYKIDWEKEEMTN,polypeptide(L)
2POR,A,EVKLSGDARMGVMYNGDDWNFSSRSRVLFTMSGTTDSGLEFGASFKAHESVGAETGEDGTVFLSGAFGKIEMGDALGASEALFGDLYEVGYTDLDDRGGNDIPYLTGDERLTAEDNPVLLYTYSAGAFSVAASMSDGKVGETSEDDAQEMAVAAAYTFGNYTVGLGYEKIDSPDTALMADMEQLELAAIAKFGATNVKAYYADGELDRDFARAVFDLTPVAAAATAVDHKAYGLSVDSTFGATTVGGYVQVLDIDTIDDVTYYGLGASYDLGGGASIVGGIADNDLPNSDMVADLGVKFKF,polypeptide(L)
1A0T,"A, B, C",SGFEFHGYARSGVIMNDSGASTKSGAYITPAGETGGAIGRLGNQADTYVEMNLEHKQTLDNGATTRFKVMVADGQTSYNDWTASTSDLNVRQAFVELGNLPTFAGPFKGSTLWAGKRFDRDNFDIHWIDSDVVFLAGTGGGIYDVKWNDGLRSNFSLYGRNFGDIDDSSNSVQNYILTMNHFAGPLQMMVSGLRAKDNDERKDSNGNLAKGDAANTGVHALLGLHNDSFYGLRDGSSKTALLYGHGLGAEVKGIGSDGALRPGADTWRIASYGTTPLSENWSVAPAMLAQRSKDRYADGDSYQWATFNLRLIQAINQNFALAYEGSYQYMDLKPEGYNDRQAVNGSFYKLTFAPTFKVGSIGDFFSRPEIRFYTSWMDWSKKLNNYASDDALGSDGFNSGGEWSFGVQMETWF,polypeptide(L)
1AIG,"A, D",ALLSFERKYRVPGGTLVGGNLFDFWVGPFYVGFFGVATFFFAALGIILIAWSAVLQGTWNPQLISVYPPALEYGLGGAPLAKGGLWQIITICATGAFVSWALREVEICRKLGIGYHIPFAFAFAILAYLTLVLFRPVMMGAWGYAFPYGIWTHLDWVSNTGYTYGNFHYNPAHMIAISFFFTNALALALHGALVLSAANPEKGKEMRTPDHEDTFFRDLVGYSIGTLGIHRLGLLLSLSAVFFSALCMIITGTIWFDQWVDWWQWWVKLPWWANIPGGING,polypeptide(L)
1AIJ,"A, D",ALLSFERKYRVPGGTLVGGNLFDFWVGPFYVGFFGVATFFFAALGIILIAWSAVLQGTWNPQLISVYPPALEYGLGGAPLAKGGLWQIITICATGAFVSWALREVEICRKLGIGYHIPFAFAFAILAYLTLVLFRPVMMGAWGYAFPYGIWTHLDWVSNTGYTYGNFHYNPAHMIAISFFFTNALALALHGALVLSAANPEKGKEMRTPDHEDTFFRDLVGYSIGTLGIHRLGLLLSLSAVFFSALCMIITGTIWFDQWVDWWQWWVKLPWWANIPGGING,polypeptide(L)
1AR1,A,MADAAVHGHGDHHDTRGFFTRWFMSTNHKDIGILYLFTAGIVGLISVCFTVYMRMELQHPGVQYMCLEGARLIADASAECTPNGHLWNVMITYHGVLMMFFVVIPALFGGFGNYFMPLHIGAPDMAFPRLNNLSYWMYVCGVALGVASLLAPGGNDQMGSGVGWVLYPPLSTTEAGYSMDLAIFAVHVSGASSILGAINIITTFLNMRAPGMTLFKVPLFAWSVFITAWLILLSLPVLAGAITMLLMDRNFGTQFFDPAGGGDPVLYQHILWFFGHPEVYIIILPGFGIISHVISTFAKKPIFGYLPMVLAMAAIGILGFVVWAHHMYTAGMSLTQQAYFMLATMTIAVPTGIKVFSWIATMWGGSIEFKTPMLWAFGFLFLFTVGGVTGVVLSQAPLDRVYHDTYYVVAHFHYVMSLGAVFGIFAGVYYWIGKMSGRQYPEWAGQLHFWMMFIGSNLIFFPQHFLGRQGMPRRYIDYPVEFAYWNNISSIGAYISFASFLFFIGIVFYTLFAGKRVNVPNYWNEHADTLEWTLPSPPPEHTFETLPKREDWDRAHAH,polypeptide(L)
1AT9,A,QAQITGRPEWIWLALGTALMGLGTLYFLVKGMGVSDPDAKKFYAITTLVPAIAFTMYLSMLLGYGLTMVPFGGEQNPIYWARYADWLFTTPLLLLDLALLVDADQGTILALVGADGIMIGTGLVGALTKVYSYRFVWWAISTAAMLYILYVLFFGFTSKAESMRPEVASTFKVLRNVTVVLWSAYPVVWLIGSEGAGIVPLNIETLLFMVLDVSAKVGFGLILLRSRAIFGEAEAPEPSAGDGAAATS,polypeptide(L)
1BH3,A,MISLNGYGRFGLQYVEDRGVGLEDTIISSRLRINIVGTTETDQGVTFGAKLRMQWDDGDAFAGTAGNAAQFWTSYNGVTVSVGNVDTAFDSVALTYDSEMGYEASSFGDAQSSFFKYNSKYDASGALDNYNGIAVTYSISGVNLYLSYVDPDQTVDSSLVTEEFGIAADWSNDMISLAAAYTTDAGGIVDNDIAFVGAAYKFNDAGTVGLNWYDNGLSTAGDQVTLYGNYAFGATTVRAYVSDIDRAGADTAYGIGADYQFAEGVKVSGSVQSGFANETVADVGVRFDF,polypeptide(L)
1BRX,A,QAQITGRPEWIWLALGTALMGLGTLYFLVKGMGVSDPDAKKFYAITTLVPAIAFTMYLSMLLGYGLTMVPFGGEQNPIYWARYADWLFTTPLLLLDLALLVDADQGTILALVGADGIMIGTGLVGALTKVYSYRFVWWAISTAAMLYILYVLFFGFTSKAESMRPEVASTFKVLRNVTVVLWSAYPVVWLIGSEGAGIVPLNIETLLFMVLDVSAKVGFGLILLRSRAIFGEAEAPEPSAGDGAAATS,polypeptide(L)
1BY3,A,AVEPKEDTITVTAAPAPQESAWGPAATIAARQSATGTKTDTPIQKVPQSISVVTAEEMALHQPKSVKEALSYTPGVSVGTRGASNTYDHLIIRGFAAEGQSQNNYLNGLKLQGNFYNDAVIDPYMLERAEIMRGPVSVLYGKSSPGGLLNMVSKRPTTEPLKEVQFKAGTDSLFQTGFDFSDSLDDDGVYSYRLTGLARSANAQQKGSEEQRYAIAPAFTWRPDDKTNFTFLSYFQNEPETGYYGWLPKEGTVEPLPNGKRLPTDFNEGAKNNTYSRNEKMVGYSFDHEFNDTFTVRQNLRFAENKTSQNSVYGYGVCSDPANAYSKQCAALAPADKGHYLARKYVVDDEKLQNFSVDTQLQSKFATGDIDHTLLTGVDFMRMRNDINAWFGYDDSVPLLNLYNPVNTDFDFNAKDPANSGPYRILNKQKQTGVYVQDQAQWDKVLVTLGGRYDWADQESLNRVAGTTDKRDDKQFTWRGGVNYLFDNGVTPYFSYSESFEPSSQVGKDGNIFAPSKGKQYEVGVKYVPEDRPIVVTGAVYNLTKTNNLMADPEGSFFSVEGGEIRARGVEIEAKRPLSASVNVVGSYTYTDAEYTTDTTYKGNTPAQVPKHMASLWADYTFFDGPLSGLTLGTGGRYTGSSYGDPANSFKVGSYTVVDALVRYDLARVGMAGSNVALHVNNLFDREYVASCFNTYGCFWGAERQVVATATFRF,polypeptide(L)
1BY5,A,AVEPKEDTITVTAAPAPQESAWGPAATIAARQSATGTKTDTPIQKVPQSISVVTAEEMALHQPKSVKEALSYTPGVSVGTRGASNTYDHLIIRGFAAEGQSQNNYLNGLKLQGNFYNDAVIDPYMLERAEIMRGPVSVLYGKSSPGGLLNMVSKRPTTEPLKEVQFKAGTDSLFQTGFDFSDSLDDDGVYSYRLTGLARSANAQQKGSEEQRYAIAPAFTWRPDDKTNFTFLSYFQNEPETGYYGWLPKEGTVEPLPNGKRLPTDFNEGAKNNTYSRNEKMVGYSFDHEFNDTFTVRQNLRFAENKTSQNSVYGYGVCSDPANAYSKQCAALAPADKGHYLARKYVVDDEKLQNFSVDTQLQSKFATGDIDHTLLTGVDFMRMRNDINAWFGYDDSVPLLNLYNPVNTDFDFNAKDPANSGPYRILNKQKQTGVYVQDQAQWDKVLVTLGGRYDWADQESLNRVAGTTDKRDDKQFTWRGGVNYLFDNGVTPYFSYSESFEPSSQVGKDGNIFAPSKGKQYEVGVKYVPEDRPIVVTGAVYNLTKTNNLMADPEGSFFSVEGGEIRARGVEIEAKRPLSASVNVVGSYTYTDAEYTTDTTYKGNTPAQVPKHMASLWADYTFFDGPLSGLTLGTGGRYTGSSYGDPANSFKVGSYTVVDALVRYDLARVGMAGSNVALHVNNLFDREYVASCFNTYGCFWGAERQVVATATFRF,polypeptide(L)
1C3W,A,TGRPEWIWLALGTALMGLGTLYFLVKGMGVSDPDAKKFYAITTLVPAIAFTMYLSMLLGYGLTMVPFGGEQNPIYWARYADWLFTTPLLLLDLALLVDADQGTILALVGADGIMIGTGLVGALTKVYSYRFVWWAISTAAMLYILYVLFFGFSMRPEVASTFKVLRNVTVVLWSAYPVVWLIGSEGAGIVPLNIETLLFMVLDVSAKVGFGLILLRSRAIFG,polypeptide(L)
1C8R,A,QAQITGRPEWIWLALGTALMGLGTLYFLVKGMGVSDPDAKKFYAITTLVPAIAFTMYLSMLLGYGLTMVPFGGEQNPIYWARYADWLFTTPLLLLNLALLVDADQGTILALVGADGIMIGTGLVGALTKVYSYRFVWWAISTAAMLYILYVLFFGFTSKAESMRPEVASTFKVLRNVTVVLWSAYPVVWLIGSEGAGIVPLNIETLLFMVLDVSAKVGFGLILLRSRAIFGEAEAPEPSAGDGAAATSD,polypeptide(L)
1C8S,A,TGRPEWIWLALGTALMGLGTLYFLVKGMGVSDPDAKKFYAITTLVPAIAFTMYLSMLLGYGLTMVPFGGEQNPIYWARYADWLFTTPLLLLNLALLVDADQGTILALVGADGIMIGTGLVGALTKVYSYRFVWWAISTAAMLYILYVLFNVTVVLWSAYPVVWLIGSEGAGIVPLNIETLLFMVLDVSAKVGFGLI,polypeptide(L)
1FCP,A,ESAWGPAATIAARQSATGTKTDTPIQKVPQSISVVTAEEMALHQPKSVKEALSYTPGVSVGTRGASNTYDHLIIRGFAAEGQSQNNYLNGLKLQGNFYNDAVIDPYMLERAEIMRGPVSVLYGKSSPGGLLNMVSKRPTTEPLKEVQFKAGTDSLFQTGFDFSDSLDDDGVYSYRLTGLARSANAQQKGSEEQRYAIAPAFTWRPDDKTNFTFLSYFQNEPETGYYGWLPKEGTVEPLPNGKRLPTDFNEGAKNNTYSRNEKMVGYSFDHEFNDTFTVRQNLRFAENKTSQNSVYGYGVCSDPANAYSKQCAALAPADKGHYLARKYVVDDEKLQNFSVDTQLQSKFATGDIDHTLLTGVDFMRMRNDINAWFGYDDSVPLLNLYNPSHHHHHHGSVNTDFDFNAKDPANSGPYRILNKQKQTGVYVQDQAQWDKVLVTLGGRYDWADQESLNRVAGTTDKRDDKQFTWRGGVNYLFDNGVTPYFSYSESFEPSSQVGKDGNIFAPSKGKQYEVGVKYVPEDRPIVVTGAVYNLTKTNNLMADPEGSFFSVEGGEIRARGVEIEAKAALSASVNVVGSYTYTDAEYTTDTTYKGNTPAQVPKHMASLWADYTFFDGPLSGLTLGTGGRYTGSSYGDPANSFKVGSYTVVDALVRYDLARVGMAGSNVALHVNNLFDREYVASCFNTYGCFWGAERQVVATATFRF,polypeptide(L)
1GFP,A,AEIYNKDGNKVDLYGKAVGLHYFSKGNGENSYGGNGDMTYACLGFKGETQINSDLTGYGQWEYNFQGNNSEGADAQTGNKTRLAFAGLKYADVGSFDYGRNYGVVYDALGYTDMLPEFGGDTAYSDDFFVGRVGGVATYRNSNFFGLVDGLNFAVQYLGKNERDTARRSNGDGVGGSISYEYEGFGIVGAYGAADRTNLQEAQPLGNGKKAEQWATGLKYDANNIYLAANYGETRNATPITNKFTNTSGFANKTQDVLLVAQYQFDFGLRPSIAYTKSKAKDVEGIGDVDLVNYFEVGATYYFNKNMSTYVDYIINQIDSDNKLGVGSDDTVAVGIVYQF,polypeptide(L)
1GFQ,A,AEIYNKDGNKVDLYGKAVGLHYFSKGNGENSYGGNGDMTYARLGFKGETQINSDLTGYGQWEYNFQGNNSEGADAQTGNKTCLAFAGLKYADVGSFDYGRNYGVVYDALGYTDMLPEFGGDTAYSDDFFVGRVGGVATYRNSNFFGLVDGLNFAVQYLGKNERDTARRSNGDGVGGSISYEYEGFGIVGAYGAADRTNLQEAQPLGNGKKAEQWATGLKYDANNIYLAANYGETRNATPITNKFTNTSGFANKTQDVLLVAQYQFDFGLRPSIAYTKSKAKDVEGIGDVDLVNYFEVGATYYFNKNMSTYVDYIINQIDSDNKLGVGSDDTVAVGIVYQF,polypeptide(L)
1KZU,"B, D, F",ATLTAEQSEELHKYVIDGTRVFLGLALVAHFLAFSATPWLH,polypeptide(L)
1MPM,"A, B, C",VDFHGYARSGIGWTGSGGEQQCFQTTGAQSKYRLGNECETYAELKLGQEVWKEGDKSFYFDTNVAYSVAQQNDWEATDPAFREANVQGKNLIEWLPGSTIWAGKRFYQRHDVHMIDFYYWDISGPGAGLENIDVGFGKLSLAATRSSEAGGSSSFASNNIYDYTNETANDVFDVRLAQMEINPGGTLELGVDYGRANLRDNYRLVDGASKDGWLFTAEHTQSVLKGFNKFVVQYATDSMTSQGKGLSQGSGVAFDNEKFAYNINNNGHMLRILDHGAISMGDNWDMMYVGMYQDINWDNDNGTKWWTVGIRPMYKWTPIMSTVMEIGYDNVESQRTGDKNNQYKITLAQQWQAGDSIWSRPAIRVFATYAKWDEKWGYDYTGNADNNANFGKAVPADFNGGSFGRGDSDEWTFGAQMEIWW,polypeptide(L)
1MPO,"A, B, C",VDFHGYARSGIGWTGSGGEQQCFQTTGAQSKYRLGNECETYAELKLGQEVWKEGDKSFYFDTNVAYSVAQQNDWEATDPAFREANVQGKNLIEWLPGSTIWAGKRFYQRHDVHMIDFYYWDISGPGAGLENIDVGFGKLSLAATRSSEAGGSSSFASNNIYDYTNETANDVFDVRLAQMEINPGGTLELGVDYGRANLRDNYRLVDGASKDGWLFTAEHTQSVLKGFNKFVVQYATDSMTSQGKGLSQGSGVAFDNEKFAYNINNNGHMLRILDHGAISMGDNWDMMYVGMYQDINWDNDNGTKWWTVGIRPMYKWTPIMSTVMEIGYDNVESQRTGDKNNQYKITLAQQWQAGDSIWSRPAIRVFATYAKWDEKWGYDYTGNADNNANFGKAVPADFNGGSFGRGDSDEWTFGAQMEIWW,polypeptide(L)
1PRN,A,EISLNGYGRFGLQYVEDRGVGLEDTIISSRLRINIVGTTETDQGVTFGAKLRMQWDDGDAFAGTAGNAAQFWTSYNGVTVSVGNVDTAFDSVALTYDSEMGYEASSFGDAQSSFFAYNSKYDASGALDNYNGIAVTYSISGVNLYLSYVDPDQTVDSSLVTEEFGIAADWSNDMISLAAAYTTDAGGIVDNDIAFVGAAYKFNDAGTVGLNWYDNGLSTAGDQVTLYGNYAFGATTVRAYVSDIDRAGADTAYGIGADYQFAEGVKVSGSVQSGFANETVADVGVRFDF,polypeptide(L)
1QFF,A,AVEPKEDTITVTAAPAPQESAWGPAATIAARQSATGTKTDTPIQKVPQSISVVTAEEMALHQPKSVKEALSYTPGVSVGTRGASNTYDHLIIRGFAAEGQSQNNYLNGLKLQGNFYNDAVIDPYMLERAEIMRGPVSVLYGKSSPGGLLNMVSKRPTTEPLKEVQFKAGTDSLFQTGFDFSDSLDDDGVYSYRLTGLARSANAQQKGSEEQRYAIAPAFTWRPDDKTNFTFLSYFQNEPETGYYGWLPKEGTVEPLPNGKRLPTDFNEGAKNNTYSRNEKMVGYSFDHEFNDTFTVRQNLRFAENKTSQNSVYGYGVCSDPANAYSKQCAALAPADKGHYLARKYVVDDEKLQNFSVDTQLQSKFATGDIDHTLLTGVDFMRMRNDINAWFGYDDSVPLLNLYNPSSHHHHHHGSSVNTDFDFNAKDPANSGPYRILNKQKQTGVYVQDQAQWDKVLVTLGGRYDWADQESLNRVAGTTDKRDDKQFTWRGGVNYLFDNGVTPYFSYSESFEPSSQVGKDGNIFAPSKGKQYEVGVKYVPEDRPIVVTGAVYNLTKTNNLMADPEGSFFSVEGGEIRARGVEIEAKAALSASVNVVGSYTYTDAEYTTDTTYKGNTPAQVPKHMASLWADYTFFDGPLSGLTLGTGGRYTGSSYGDPANSFKVGSYTVVDALVRYDLARVGMAGSNVALHVNNLFDREYVASCFNTYGCFWGAERQVVATATFRF,polypeptide(L)
1QHJ,A,QAQITGRPEWIWLALGTALMGLGTLYFLVKGMGVSDPDAKKFYAITTLVPAIAFTMYLSMLLGYGLTMVPFGGEQNPIYWARYADWLFTTPLLLLDLALLVDADQGTILALVGADGIMIGTGLVGALTKVYSYRFVWWAISTAAMLYILYVLFFGFTSKAESMRPEVASTFKVLRNVTVVLWSAYPVVWLIGSEGAGIVPLNIETLLFMVLDVSAKVGFGLILLRSRAIFGEAEAPEPSAGDGAAATS,polypeptide(L)
1QJ9,A,ATSTVTGGYAQSDAQGQMNKMGGFNLKYRYEEDNSPLGVIGSFTYTEKSRTASSGDYNKNQYYGITAGPAYRINDWASIYGVVGVGYGKFQTTEYPTYKNDTSDYGFSYGAGLQFNPMENVALDFSYEQSRIRSVDVGTWIAGVGYRF,polypeptide(L)
1QKO,A,QAQITGRPEWIWLALGTALMGLGTLYFLVKGMGVSDPDAKKFYAITTLVPAIAFTMYLSMLLGYGLTMVPFGGEQNPIYWARYADWLFTTPLLLLDLALLVDADQGTILALVGADGIMIGTGLVGALTKVYSYRFVWWAISTAAMLYILYVLFFGFTSKAESMRPEVASTFKVLRNVTVVLWSAYPVVWLIGSEGAGIVPLNIETLLFMVLDVSAKVGFGLILLRSRAIFGEAEAPEPSAGDGAAATS,polypeptide(L)
1QKP,A,QAQITGRPEWIWLALGTALMGLGTLYFLVKGMGVSDPDAKKFYAITTLVPAIAFTMYLSMLLGYGLTMVPFGGEQNPIYWARYADWLFTTPLLLLDLALLVDADQGTILALVGADGIMIGTGLVGALTKVYSYRFVWWAISTAAMLYILYVLFFGFTSKAESMRPEVASTFKVLRNVTVVLWSAYPVVWLIGSEGAGIVPLNIETLLFMVLDVSAKVGFGLILLRSRAIFGEAEAPEPSAGDGAAATS,polypeptide(L)
1QLB,"A, D",MKVQYCDSLVIGGGLAGLRAAVATQQKGLSTIVLSLIPVKRSHSAAAQGGMQASLGNSKMSDGDNEDLHFMDTVKGSDWGCDQKVARMFVNTAPKAIRELAAWGVPWTRIHKGDRMAIINAQKTTITEEDFRHGLIHSRDFGGTKKWRTCYTADATGHTMLFAVANECLKLGVSIQDRKEAIALIHQDGKCYGAVVRDLVTGDIIAYVAKGTLIATGGYGRIYKNTTNAVVCEGTGTAIALETGIAQLGNMEAVQFHPTPLFPSGILLTEGCRGDGGILRDVDGHRFMPDYEPEKKELASRDVVSRRMIEHIRKGKGVQSPYGQHLWLDISILGRKHIETNLRDVQEICEYFAGIDPAEKWAPVLPMQHYSMGGIRTDYRGEAKLKGLFSAGEAACWDMHGFNRLGGNSVSEAVVAGMIVGEYFAEHCANTQVDLETKTLEKFVKGQEAYMKSLVESKGTEDVFKIKNRMKDVMDDNVGIFRDGPHLEKSVKELEELYKKSKNVGIKNKRLHANPELEEAYRVPMMLKVALCVAKGALDRTESRGAHNREDYPKRDDINWLNRTLASWPNPEQTLPTLEYEALDVNEMEIAPRYRGYGAKGNYIENPLSVKRQEEIDKIQSELEAAGKDRHAIQEALMPYELPAKYKARNERLGDK,polypeptide(L)
2FCP,A,AVEPKEDTITVTAAPAPQESAWGPAATIAARQSATGTKTDTPIQKVPQSISVVTAEEMALHQPKSVKEALSYTPGVSVGTRGASNTYDHLIIRGFAAEGQSQNNYLNGLKLQGNFYNDAVIDPYMLERAEIMRGPVSVLYGKSSPGGLLNMVSKRPTTEPLKEVQFKAGTDSLFQTGFDFSDSLDDDGVYSYRLTGLARSANAQQKGSEEQRYAIAPAFTWRPDDKTNFTFLSYFQNEPETGYYGWLPKEGTVEPLPNGKRLPTDFNEGAKNNTYSRNEKMVGYSFDHEFNDTFTVRQNLRFAENKTSQNSVYGYGVCSDPANAYSKQCAALAPADKGHYLARKYVVDDEKLQNFSVDTQLQSKFATGDIDHTLLTGVDFMRMRNDINAWFGYDDSVPLLNLYNPSHHHHHHGSVNTDFDFNAKDPANSGPYRILNKQKQTGVYVQDQAQWDKVLVTLGGRYDWADQESLNRVAGTTDKRDDKQFTWRGGVNYLFDNGVTPYFSYSESFEPSSQVGKDGNIFAPSKGKQYEVGVKYVPEDRPIVVTGAVYNLTKTNNLMADPEGSFFSVEGGEIRARGVEIEAKAALSASVNVVGSYTYTDAEYTTDTTYKGNTPAQVPKHMASLWADYTFFDGPLSGLTLGTGGRYTGSSYGDPANSFKVGSYTVVDALVRYDLARVGMAGSNVALHVNNLFDREYVASCFNTYGCFWGAERQVVATATFRF,polypeptide(L)
2OMF,A,AEIYNKDGNKVDLYGKAVGLHYFSKGNGENSYGGNGDMTYARLGFKGETQINSDLTGYGQWEYNFQGNNSEGADAQTGNKTRLAFAGLKYADVGSFDYGRNYGVVYDALGYTDMLPEFGGDTAYSDDFFVGRVGGVATYRNSNFFGLVDGLNFAVQYLGKNERDTARRSNGDGVGGSISYEYEGFGIVGAYGAADRTNLQEAQPLGNGKKAEQWATGLKYDANNIYLAANYGETRNATPITNKFTNTSGFANKTQDVLLVAQYQFDFGLRPSIAYTKSKAKDVEGIGDVDLVNYFEVGATYYFNKNMSTYVDYIINQIDSDNKLGVGSDDTVAVGIVYQF,polypeptide(L)
2PRN,A,MISLNGYGRFGLQYVEDRGVGLEDTIISSRLRINIVGTTETDQGVTFGAKLRMQWDDGDAFAGTAGNAAQFWTSYNGVTVSVGNVDTAFDSVALTYDSWMGYEASSFGDAQSSFFWYNSKYDASGALDNYNGIAVTYSISGVNLYLSYVDPDQTVDSSLVTEEFGIAADWSNDMISLAAAYTTDAGGIVDNDIAFVGAAYKFNDAGTVGLNWYDNGLSTAGDQVTLYGNYAFGATTVRAYVSDIDRAGADTAYGIGADYQFAEGVKVSGSVQSGFANETVADVGVRFDF,polypeptide(L)
4RCR,C,MVGVTAFGNFDLASLAIYSFWIFLAGLIYYLQTENMREGYPLENEDGTPAANQGPFPLPKPKTFILPHGRGTLTVPGPESEDRPIALARTAVSEGFPHAPTGDPMKDGVGPASWVARRDLPELDGHGHNKIKPMKAAAGFHVSAGKNPIGLPVRGCDLEIAGKVVDIWVDIPEQMARFLEVELKDGSTRLLPMQMVKVQSNRVHVNALSSDLFAGIPTIKSPTEVTLLEEDKICGYVAGGLMYAAPKRKSVVAAMLAEYA,polypeptide(L)
5PRN,A,MISLNGYGRFGLQYVEDRGVGLEDTIISSRLRINIVGTTETDQGVTFGAKLRMQWDDGDAFAGTAGNAAQFWTSYNGVTVSVGNVDTAFDSVALTWDSEMGYEASSFGDAQSSFFAYNWKYDASGALDNYNGIAVTYSISGVNLYLSYVDPDQTVDSSLVTEEFGIAADWSNDMISLAAAYTTDAGGIVDNDIAFVGAAYKFNDAGTVGLNWYDNGLSTAGDQVTLYGNYAFGATTVRAYVSDIDRAGADTAYGIGADYQFAEGVKVSGSVQSGFANETVADVGVRFDF,polypeptide(L)
6PRN,A,MISLNGYGRFGLQYVEDRGVGLEDTIISSRLRINIVGTTETDQGVTFGAALAMQWDDGDAFAGTAGNAAQFWTSYNGVTVSVGNVDTAFDSVALTYDSEMGYEASSFGDAQSSFFAYNSKYDASGALDNYNGIAVTYSISGVNLYLSYVDPDQTVDSSLVTEEFGIAADWSNDMISLAAAYTTDAGGIVDNDIAFVGAAYKFNDAGTVGLNWYDNGLSTAGDQVTLYGNYAFGATTVRAYVSDIDRAGADTAYGIGADYQFAEGVKVSGSVQSGFANETVADVGVRFDF,polypeptide(L)
7PRN,A,MISLNGYGRFGLQYVEDRGVGLEDTIISSRLRINIVGTTETDQGVTFGAKLRMQWDDGDAFAGTAGNAAQFWTSYNGVTVSVGNVDTAFDSVALTYASAMGYEASSFGDAQSSFFAYNSKYDASGALDNYNGIAVTYSISGVNLYLSYVDPDQTVDSSLVTEEFGIAADWSNDMISLAAAYTTDAGGIVDNDIAFVGAAYKFNDAGTVGLNWYDNGLSTAGDQVTLYGNYAFGATTVRAYVSDIDRAGADTAYGIGADYQFAEGVKVSGSVQSGFANETVADVGVRFDF,polypeptide(L)
8PRN,A,MISLNGYGRFGLQYVEDRGVGLEDTIISSRLRINIVGTTETDQGVTFGAALAMQWDDGDAFAGTAGNAAQFWTSYNGVTVSVGNVDTAFDSVALTYASAMGYEASSFGDAQSSFFAYNSKYDASGALDNYNGIAVTYSISGVNLYLSYVDPDQTVDSSLVTEEFGIAADWSNDMISLAAAYTTDAGGIVDNDIAFVGAAYKFNDAGTVGLNWYDNGLSTAGDQVTLYGNYAFGATTVRAYVSDIDRAGADTAYGIGADYQFAEGVKVSGSVQSGFANETVADVGVRFDF,polypeptide(L)
2PIL,A,FTLIELMIVIAIVGILAAVALPAYQDYTARAQVSEAILLAEGQKSAVTEYYLNHGKWPENNTSAGVASPPSDIKGKYVKEVEVKNGVVTATMLSSGVNNEIKGKKLSLWARRENGSVKWFCGQPVTRTDDDTVADAKDGKEIDTKHLPSTCRDNFDAK,polypeptide(L)
1B12,"A, B, C, D",VRSFIYEPFQIPSGSMMPTLLIGDFILVEKFAYGIKDPIYQKTLIETGHPKRGDIVVFKYPEDPKLDYIKRAVGLPGDKVTYDPVSKELTIQPGCSSGQACENALPVTYSNVEPSDFVQTFSRRNGGEATSGFFEVPKNETKENGIRLSERKETLGDVTHRILTVPIAQDQVGMYYQQPGQQLATWIVPPGQYFMMGDNRDNSADSRYWGFVPEANLVGRATAIWMSFDKQEGEWPTGLRLSRIGGIH,polypeptide(L)
1PFO,A,MIRFKKTKLIASIAMALCLFSQPVISFSKDITDKNQSIDSGISSLSYNRNEVLASNGDKIESFVPKEGKKAGNKFIVVERQKRSLTTSPVDISIIDSVNDRTYPGALQLADKALVENRPTILMVKRKPININIDLPGLKGENSIKVDDPTYGKVSGAIDELVSKWNEKYSSTHTLPARTQYSESMVYSKSQISSALNVNAKVLENSLGVDFNAVANNEKKVMILAYKQIFYTVSADLPKNPSDLFDDSVTFNDLKQKGVSNEAPPLMVSNVAYGRTIYVKLETTSSSKDVQAAFKALIKNTDIKNSQQYKDIYENSSFTAVVLGGDAQEHNKVVTKDFDEIRKVIKDNATFSTKNPAYPISYTSVFLKDNSVAAVHNKTDYIETTSTEYSKGKINLDHSGAYVAQFEVAWDEVSYDKEGNEVLTHKTWDGNYQDKTAHYSTVIPLEANARNIRIKARECTGLAWEWWRDVISEYDVPLTNNINVSIWGTTLYPGSSITYN,polypeptide(L)
2SQC,"A, B",MAEQLVEAPAYARTLDRAVEYLLSCQKDEGYWWGPLLSNVTMEAEYVLLCHILDRVDRDRMEKIRRYLLHEQREDGTWALYPGGPPDLDTTIEAYVALKYIGMSRDEEPMQKALRFIQSQGGIESSRVFTRMWLALVGEYPWEKVPMVPPEIMFLGKRMPLNIYEFGSWARATVVALSIVMSRQPVFPLPERARVPELYETDVPPRRRGAKGGGGWIFDALDRALHGYQKLSVHPFRRAAEIRALDWLLERQAGDGSWGGIQPPWFYALIALKILDMTQHPAFIKGWEGLELYGVELDYGGWMFQASISPVWDTGLAVLALRAAGLPADHDRLVKAGEWLLDRQITVPGDWAVKRPNLKPGGFAFQFDNVYYPDVCDTAVVVWALNTLRLPDERRRRDAMTKGFRWIVGMQSSNGGWGAYDVDNTSDLPNHIPFSDFGEVTDPPSEDVTAHVLECFGSFGYDDAWKVIRRAVEYLKREQKPDGSWFGRWGVNYLYGTGAVVSALKAVGIDTREPYIQKALDWVEQHQNPDGGWGEDCRSYEDPAYAGKGASTPSQTAWALMALIAGGRAESEAARRGVQYLVETQRPDGGWDEPYYTGTGFPGDFYLGYTMYRHVFPTLALGRYKQAIERR,polypeptide(L)
3LKF,A,EGKITPVSVKKVDDKVTLYKTTATADSDKFKISQILTFNFIKDKSYDKDTLVLKATGNINSGFVKPNPNDYDFSKLYWGAKYNVSISSQSNDSVNVVDYAPKNQNEEFQVQNTLGYTFGGDISISNGLSGGLNGNTAFSETINYKQESYRTTLSRNTNYKNVGWGVEAHKIMNNGWGPYGRDSFHPTYGNELFLAGRQSSAYAGQNFIAQHQMPLLSRSNFNPEFLSVLSHRQDGAKKSKITVTYQREMDLYQIRWNGFYWAGANYKNFKTRTFKSTYEIDWENHKVKLLDTKETENNK,polypeptide(L)
1MPR,"A, B, C",VDFHGYARSGIGWTGSGGEQQCFQATGAQSKYRLGNECETYAELKLGQEVWKEGDKSFYFDTNVAYSVNQQNDWESTDPAFREANVQGKNLIEWLPGSTIWAGKRFYQRHDVHMIDFYYWDISGPGAGIENIDLGFGKLSLAATRSTEAGGSYTFSSQNIYDEVKDTANDVFDVRLAGLQTNPDGVLELGVDYGRANTTDGYKLADGASKDGWMFTAEHTQSMLKGYNKFVVQYATDAMTTQGKGQARGSDGSSSFTEELSDGTKINYANKVINNNGNMWRILDHGAISLGDKWDLMYVGMYQNIDWDNNLGTEWWTVGVRPMYKWTPIMSTLLEVGYDNVKSQQTGDRNNQYKITLAQQWQAGDSIWSRPAIRIFATYAKWDEKWGYIKDGDNISRYAAATNSGISTNSRGDSDEWTFGAQMEIWW,polypeptide(L)
1MPS,A,ALLSFERKYRVPGGTLVGGNLFDFWVGPFYVGFFGVATFFFAALGIILIAWSAVLQGTWNPQLISVYPPALEYGLGGAPLAKGGLWQIITICATGAFVSWALREVEICRKLGIGYHIPFAFAFAILAYLTLVLFRPVMMGAWGYAFPYGIWTHLDWVSNTGYTYGNFHYNPAHMIAISFFFTNALALALHGALVLSAANPEKGKEMRTPDHEDTFFRDLVGYSIGTLGIHRLGLLLSLSAVFFSALCMIITGTIWFDQWVDWWQWWVKLPWWANIPGGING,polypeptide(L)
1OCC,"A, N",MFINRWLFSTNHKDIGTLYLLFGAWAGMVGTALSLLIRAELGQPGTLLGDDQIYNVVVTAHAFVMIFFMVMPIMIGGFGNWLVPLMIGAPDMAFPRMNNMSFWLLPPSFLLLLASSMVEAGAGTGWTVYPPLAGNLAHAGASVDLTIFSLHLAGVSSILGAINFITTIINMKPPAMSQYQTPLFVWSVMITAVLLLLSLPVLAAGITMLLTDRNLNTTFFDPAGGGDPILYQHLFWFFGHPEVYILILPGFGMISHIVTYYSGKKEPFGYMGMVWAMMSIGFLGFIVWAHHMFTVGMDVDTRAYFTSATMIIAIPTGVKVFSWLATLHGGNIKWSPAMMWALGFIFLFTVGGLTGIVLANSSLDIVLHDTYYVVAHFHYVLSMGAVFAIMGGFVHWFPLFSGYTLNDTWAKIHFAIMFVGVNMTFFPQHFLGLSGMPRRYSDYPDAYTMWNTISSMGSFISLTAVMLMVFIIWEAFASKREVLTVDLTTTNLEWLNGCPPPYHTFEEPTYVNLK,polypeptide(L)
1OCO,"A, N",MFINRWLFSTNHKDIGTLYLLFGAWAGMVGTALSLLIRAELGQPGTLLGDDQIYNVVVTAHAFVMIFFMVMPIMIGGFGNWLVPLMIGAPDMAFPRMNNMSFWLLPPSFLLLLASSMVEAGAGTGWTVYPPLAGNLAHAGASVDLTIFSLHLAGVSSILGAINFITTIINMKPPAMSQYQTPLFVWSVMITAVLLLLSLPVLAAGITMLLTDRNLNTTFFDPAGGGDPILYQHLFWFFGHPEVYILILPGFGMISHIVTYYSGKKEPFGYMGMVWAMMSIGFLGFIVWAHHMFTVGMDVDTRAYFTSATMIIAIPTGVKVFSWLATLHGGNIKWSPAMMWALGFIFLFTVGGLTGIVLANSSLDIVLHDTYYVVAHFHYVLSMGAVFAIMGGFVHWFPLFSGYTLNDTWAKIHFAIMFVGVNMTFFPQHFLGLSGMPRRYSDYPDAYTMWNTISSMGSFISLTAVMLMVFIIWEAFASKREVLTVDLTTTNLEWLNGCPPPYHTFEEPTYVNLK,polypeptide(L)
1OCR,"A, N",MFINRWLFSTNHKDIGTLYLLFGAWAGMVGTALSLLIRAELGQPGTLLGDDQIYNVVVTAHAFVMIFFMVMPIMIGGFGNWLVPLMIGAPDMAFPRMNNMSFWLLPPSFLLLLASSMVEAGAGTGWTVYPPLAGNLAHAGASVDLTIFSLHLAGVSSILGAINFITTIINMKPPAMSQYQTPLFVWSVMITAVLLLLSLPVLAAGITMLLTDRNLNTTFFDPAGGGDPILYQHLFWFFGHPEVYILILPGFGMISHIVTYYSGKKEPFGYMGMVWAMMSIGFLGFIVWAHHMFTVGMDVDTRAYFTSATMIIAIPTGVKVFSWLATLHGGNIKWSPAMMWALGFIFLFTVGGLTGIVLANSSLDIVLHDTYYVVAHFHYVLSMGAVFAIMGGFVHWFPLFSGYTLNDTWAKIHFAIMFVGVNMTFFPQHFLGLSGMPRRYSDYPDAYTMWNTISSMGSFISLTAVMLMVFIIWEAFASKREVLTVDLTTTNLEWLNGCPPPYHTFEEPTYVNLK,polypeptide(L)
1OCZ,"A, N",MFINRWLFSTNHKDIGTLYLLFGAWAGMVGTALSLLIRAELGQPGTLLGDDQIYNVVVTAHAFVMIFFMVMPIMIGGFGNWLVPLMIGAPDMAFPRMNNMSFWLLPPSFLLLLASSMVEAGAGTGWTVYPPLAGNLAHAGASVDLTIFSLHLAGVSSILGAINFITTIINMKPPAMSQYQTPLFVWSVMITAVLLLLSLPVLAAGITMLLTDRNLNTTFFDPAGGGDPILYQHLFWFFGHPEVYILILPGFGMISHIVTYYSGKKEPFGYMGMVWAMMSIGFLGFIVWAHHMFTVGMDVDTRAYFTSATMIIAIPTGVKVFSWLATLHGGNIKWSPAMMWALGFIFLFTVGGLTGIVLANSSLDIVLHDTYYVVAHFHYVLSMGAVFAIMGGFVHWFPLFSGYTLNDTWAKIHFAIMFVGVNMTFFPQHFLGLSGMPRRYSDYPDAYTMWNTISSMGSFISLTAVMLMVFIIWEAFASKREVLTVDLTTTNLEWLNGCPPPYHTFEEPTYVNLK,polypeptide(L)
1PCR,A,ALLSFERKYRVPGGTLVGGNLFDFWVGPFYVGFFGVATFFFAALGIILIAWSAVLQGTWNPQLISVYPPALEYGLGGAPLAKGGLWQIITICATGAFVSWALREVEICRKLGIGYHIPFAFAFAILAYLTLVLFRPVMMGAWGYAFPYGIWTHLDWVSNTGYTYGNFHYNPAHMIAISFFFTNALALALHGALVLSAANPEKGKEMRTPDHEDTFFRDLVGYSIGTLGIHRLGLLLSLSAVFFSALCMIITGTIWFDQWVDWWQWWVKLPWWANIPGGING,polypeptide(L)
1PRC,A,CFEPPPATTTQTGFRGLSMGEVLHPATVKAKKERDAQYPPALAAVKAEGPPVSQVYKNVKVLGNLTEAEFLRTMTAITEWVSPQEGCTYCHDENNLASEAKYPYVVARRMLEMTRAINTNWTQHVAQTGVTCYTCHRGTPLPPYVRYLEPTLPLNNRETPTHVERVETRSGYVVRLAKYTAYSALNYDPFTMFLANDKRQVRVVPQTALPLVGVSRGKERRPLSDAYATFALMMSISDSLGTNCTFCHNAQTFESWGKKSTPQRAIAWWGIRMVRDLNMNYLAPLNASLPASRLGRQGEAPQADCRTCHQGVTKPLFGASRLKDYPELGPIKAAAK,polypeptide(L)
1QCR,A,TATYAQALQSVPETQVSQLDNGLRVASEQSSQPTCTVGVWIDAGSRYESEKNNGAGYFVEHLAFKGTKNRPGNALEKEVESMGAHLNAYSTREHTAYYIKALSKDLPKAVELLADIVQNCSLEDSQIEKERDVILQELQENDTSMRDVVFNYLHATAFQGTPLAQSVEGPSENVRKLSRADLTEYLSRHYKAPRMVLAAAGGLEHRQLLDLAQKHFSGLSGTYDEDAVPTLSPCRFTGSQICHREDGLPLAHVAIAVEGPGWAHPDNVALQVANAIIGHYDCTYGGGAHLSSPLASIAATNKLCQSFQTFNICYADTGLLGAHFVCDHMSIDDMMFVLQGQWMRLCTSATESEVLRGKNLLRNALVSHLDGTTPVCEDIGRSLLTYGRRIPLAEWESRIAEVDARVVREVCSKYFYDQCPAVAGFGPVEQLPDYNRIRSGMFWLRF,polypeptide(L)
1QM8,A,QAQITGRPEWIWLALGTALMGLGTLYFLVKGMGVSDPDAKKFYAITTLVPAIAFTMYLSMLLGYGLTMVPFGGEQNPIYWARYADWLFTTPLLLLDLALLVDADQGTILALVGADGIMIGTGLVGALTKVYSYRFVWWAISTAAMLYILYVLFFGFTSKAESMRPEVASTFKVLRNVTVVLWSAYPVVWLIGSEGAGIVPLNIETLLFMVLDVSAKVGFGLILLRSRAIFGEAEAPEPSAGDGAAATS,polypeptide(L)
1QOV,A,MVGVTAFGNFDLASLAIYSFWIFLAGLIYYLQTENMREGYPLENEDGTPAANQGPFPLPKPKTFILPHGRGTLTVPGPESEDRPIALARTAVSEGFPHAPTGDPMKDGVGPASWVARRDLPELDGHGHNKIKPMKAAAGFHVSAGKNPIGLPVRGCDLEIAGKVVDIWVDIPEQMARFLEVELKDGSTRLLPMQMVKVQSNRVHVNALSSDLFAGIPTIKSPTEVTLLEEDKICGYVAGGLMYAAPKRKSVVAAMLAEYA,polypeptide(L)
2OCC,"A, N",MFINRWLFSTNHKDIGTLYLLFGAWAGMVGTALSLLIRAELGQPGTLLGDDQIYNVVVTAHAFVMIFFMVMPIMIGGFGNWLVPLMIGAPDMAFPRMNNMSFWLLPPSFLLLLASSMVEAGAGTGWTVYPPLAGNLAHAGASVDLTIFSLHLAGVSSILGAINFITTIINMKPPAMSQYQTPLFVWSVMITAVLLLLSLPVLAAGITMLLTDRNLNTTFFDPAGGGDPILYQHLFWFFGHPEVYILILPGFGMISHIVTYYSGKKEPFGYMGMVWAMMSIGFLGFIVWAHHMFTVGMDVDTRAYFTSATMIIAIPTGVKVFSWLATLHGGNIKWSPAMMWALGFIFLFTVGGLTGIVLANSSLDIVLHDTYYVVAHFHYVLSMGAVFAIMGGFVHWFPLFSGYTLNDTWAKIHFAIMFVGVNMTFFPQHFLGLSGMPRRYSDYPDAYTMWNTISSMGSFISLTAVMLMVFIIWEAFASKREVLTVDLTTTNLEWLNGCPPPYHTFEEPTYVNLK,polypeptide(L)
2PRC,A,CFEPPPATTTQTGFRGLSMGEVLHPATVKAKKERDAQYPPALAAVKAEGPPVSQVYKNVKVLGNLTEAEFLRTMTAITEWVSPQEGCTYCHDENNLASEAKYPYVVARRMLEMTRAINTNWTQHVAQTGVTCYTCHRGTPLPPYVRYLEPTLPLNNRETPTHVERVETRSGYVVRLAKYTAYSALNYDPFTMFLANDKRQVRVVPQTALPLVGVSRGKERRPLSDAYATFALMMSISDSLGTNCTFCHNAQTFESWGKKSTPQRAIAWWGIRMVRDLNMNYLAPLNASLPASRLGRQGEAPQADCRTCHQGVTKPLFGASRLKDYPELGPIKAAAK,polypeptide(L)
3POR,A,EVKLSGDARMGVMYNGDDWNFSSRSRVLFTMSGTTDSGLEFGASFKAHESVGAETGEDGTVFLSGAFGKIEMGDALGASEALFGDLYEVGYTDLDDRGGNDIPYLTGDERLTAEDNPVLLYTYSAGAFSVAASMSDGKVGETSEDDAQEMAVAAAYTFGNYTVGLGYEKIDSPDTALMADMEQLELAAIAKFGATNVKAYYADGELDRDFARAVFDLTPVAAAATAVDHKAYGLSVDSTFGATTVGGYVQVLDIDTIDDVTYYGLGASYDLGGGASIVGGIADNDLPNSDMVADLGVKFKF,polypeptide(L)
3PRC,A,CFEPPPATTTQTGFRGLSMGEVLHPATVKAKKERDAQYPPALAAVKAEGPPVSQVYKNVKVLGNLTEAEFLRTMTAITEWVSPQEGCTYCHDENNLASEAKYPYVVARRMLEMTRAINTNWTQHVAQTGVTCYTCHRGTPLPPYVRYLEPTLPLNNRETPTHVERVETRSGYVVRLAKYTAYSALNYDPFTMFLANDKRQVRVVPQTALPLVGVSRGKERRPLSDAYATFALMMSISDSLGTNCTFCHNAQTFESWGKKSTPQRAIAWWGIRMVRDLNMNYLAPLNASLPASRLGRQGEAPQADCRTCHQGVTKPLFGASRLKDYPELGPIKAAAK,polypeptide(L)
5PRC,A,CFEPPPATTTQTGFRGLSMGEVLHPATVKAKKERDAQYPPALAAVKAEGPPVSQVYKNVKVLGNLTEAEFLRTMTAITEWVSPQEGCTYCHDENNLASEAKYPYVVARRMLEMTRAINTNWTQHVAQTGVTCYTCHRGTPLPPYVRYLEPTLPLNNRETPTHVERVETRSGYVVRLAKYTAYSALNYDPFTMFLANDKRQVRVVPQTALPLVGVSRGKERRPLSDAYATFALMMSISDSLGTNCTFCHNAQTFESWGKKSTPQRAIAWWGIRMVRDLNMNYLAPLNASLPASRLGRQGEAPQADCRTCHQGVTKPLFGASRLKDYPELGPIKAAAK,polypeptide(L)
6PRC,A,CFEPPPATTTQTGFRGLSMGEVLHPATVKAKKERDAQYPPALAAVKAEGPPVSQVYKNVKVLGNLTEAEFLRTMTAITEWVSPQEGCTYCHDENNLASEAKYPYVVARRMLEMTRAINTNWTQHVAQTGVTCYTCHRGTPLPPYVRYLEPTLPLNNRETPTHVERVETRSGYVVRLAKYTAYSALNYDPFTMFLANDKRQVRVVPQTALPLVGVSRGKERRPLSDAYATFALMMSISDSLGTNCTFCHNAQTFESWGKKSTPQRAIAWWGIRMVRDLNMNYLAPLNASLPASRLGRQGEAPQADCRTCHQGVTKPLFGASRLKDYPELGPIKAAAK,polypeptide(L)
7PRC,A,CFEPPPATTTQTGFRGLSMGEVLHPATVKAKKERDAQYPPALAAVKAEGPPVSQVYKNVKVLGNLTEAEFLRTMTAITEWVSPQEGCTYCHDENNLASEAKYPYVVARRMLEMTRAINTNWTQHVAQTGVTCYTCHRGTPLPPYVRYLEPTLPLNNRETPTHVERVETRSGYVVRLAKYTAYSALNYDPFTMFLANDKRQVRVVPQTALPLVGVSRGKERRPLSDAYATFALMMSISDSLGTNCTFCHNAQTFESWGKKSTPQRAIAWWGIRMVRDLNMNYLAPLNASLPASRLGRQGEAPQADCRTCHQGVTKPLFGASRLKDYPELGPIKAAAK,polypeptide(L)
1AY2,A,FTLIELMIVIAIVGILAAVALPAYQDYTARAQVSEAILLAEGQKSAVTEYYLNHGKWPENNTSAGVASPPSDIKGKYVKEVEVKNGVVTATMLSSGVNNEIKGKKLSLWARRENGSVKWFCGQPVTRTDDDTVADAKDGKEIDTKHLPSTCRDNFDAK,polypeptide(L)
1A0M,"A, B",GCCSDPRCNMNNPDYCX,polypeptide(L)
1A0R,A,XSELDQLRQEAEQLKNQIRDARKACADATLSQITNNIDPVGRIQMRTRRTLRGHLAKIYAMHWGTDSRLLLSASQDGKLIIWDSYTTNKVHAIPLRSSWVMTCAYAPSGNYVACGGLDNICSIYNLKTREGNVRVSRELAGHTGYLSCCRFLDDNQIVTSSGDTTCALWDIETGQQTTTFTGHTGDVMSLSLAPDTRLFVSGACDASAKLWDVREGMCRQTFTGHESDINAICFFPNGNAFATGSDDATCRLFDLRADQELMTYSHDNIICGITSVSFSKSGRLLLAGYDDFNCNVWDALKADRAGVLAGHDNRVSCLGVTDDGMAVATGSWDSFLKIWN,polypeptide(L)
1A25,"A, B",GSPGISGGGGGILDSMERRGRIYIQAHIDREVLIVVVRDAKNLVPMDPNGLSDPYVKLKLIPDPKSESKQKTKTIKCSLNPEWNETFRFQLKESDKDRRLSVEIWDWDLTSRNDFMGSLSFGISELQKAGVDGWFKLLSQEEGEYFNVP,polypeptide(L)
1AA7,"A, B",MSLLTEVETYVLSIIPSGPLKAEIAQRLEDVFAGKNTDLEVLMEWLKTRPILSPLTKGILGFVFTLTVPSERGLQRRRFVQNALNGNGDPNNMDKAVKLYRKLKREITFHGAKEISLSYSAGALASCMGLIYNRMGAVTTEVAFGLVCATCEQIADSQ,polypeptide(L)
1AHO,A,VKDGYIVDDVNCTYFCGRNAYCNEECTKLKGESGYCQWASPYGNACYCYKLPDHVRTKGPGRCH,polypeptide(L)
1AKG,A,GCCSLPPCALSNPDYCX,polypeptide(L)
1AKN,A,AKLGSVYTEGGFVEGVNKKLSLFGDSIDIFKGIPFAAAPKALEKPERHPGWQGTLKAKSFKKRCLQATLTQDSTYGNEDCLYLNIWVPQGRKEVSHDLPVMIWIYGGAFLMGASQGANFLSNYLYDGEEIATRGNVIVVTFNYRVGPLGFLSTGDSNLPGNYGLWDQHMAIAWVKRNIEAFGGDPDNITLFGESAGGASVSLQTLSPYNKGLIKRAISQSGVGLCPWAIQQDPLFWAKRIAEKVGCPVDDTSKMAGCLKITDPRALTLAYKLPLGSTEYPKLHYLSFVPVIDGDFIPDDPVNLYANAADVDYIAGTNDMDGHLFVGMDVPAINSNKQDVTEEDFYKLVSGLTVTKGLRGANATYEVYTEPWAQDSSQETRKKTMVDLETDILFLIPTKIAVAQHKSHAKSANTYTYLFSQPSRMPIYPKWMGADHADDLQYVFGKPFATPLGYRAQDRTVSKAMIAYWTNFARTGDPNTGHSTVPANWDPYTLEDDNYLEINKQMDSNSMKLHLRTNYLQFWTQTYQALPTVTSAGASLLPPEDNSQASPVPPADNSGAPTEPSAGDSEVAQMPVVIGF,polypeptide(L)
1AOD,A,AYSLNNWNKPIKNSVTTKQWMSALPDTTNLAALSIPGTHDTMSYNGDITWTLTKPLAQTQTMSLYQQLEAGIRYIDIRAKDNLNIYHGPIFLNASLSGVLETITQFLKKNPKETIIMRLKDEQNSNDSFDYRIQPLINIYKDYFYTTPRTDTSNKIPTLKDVRGKILLLSENHTKKPLVINSRKFGMQFGAPNQVIQDDYNGPSVKTKFKEIVQTAYQASKADNKLFLNHISATSLTFTPRQYAAALNNKVEQFVLNLTSEKVRGLGILIMDFPEKQTIKNIIKNNKFN,polypeptide(L)
1AQB,A,ERDCRVSSFRVKENFDKARFSGTWYAMAKKDPEGLFLQDNIVAEFSVDENGHMSATAKGRVRLLNNWDVCADMVGTFTDTEDPAKFKMKYWGVASFLQKGNDDHWIIDTDYDTYAVQYSCRLQNLDGTCADSYSFVFARDPHGFSPEVQKIVRQRQEELCLARQYRIITHNGYCDGKSERNIL,polypeptide(L)
1AQL,"A, B",AKLGSVYTEGGFVEGVNKKLSLFGDSIDIFKGIPFAAAPKALEKPERHPGWQGTLKAKSFKKRCLQATLTQDSTYGNEDCLYLNIWVPQGRKEVSHDLPVMIWIYGGAFLMGASQGANFLSNYLYDGEEIATRGNVIVVTFNYRVGPLGFLSTGDSNLPGNYGLWDQHMAIAWVKRNIEAFGGDPDNITLFGESAGGASVSLQTLSPYNKGLIKRAISQSGVGLCPWAIQQDPLFWAKRIAEKVGCPVDDTSKMAGCLKITDPRALTLAYKLPLGSTEYPKLHYLSFVPVIDGDFIPDDPVNLYANAADVDYIAGTNDMDGHLFVGMDVPAINSNKQDVTEEDFYKLVSGLTVTKGLRGANATYEVYTEPWAQDSSQETRKKTMVDLETDILFLIPTKIAVAQHKSHAKSANTYTYLFSQPSRMPIYPKWMGADHADDLQYVFGKPFATPLGYRAQDRTVSKAMIAYWTNFARTGDPNTGHSTVPANWDPYTLEDDNYLEINKQMDSNSMKLHLRTNYLQFWTQTYQALPTV,polypeptide(L)
1AUA,A,QQEKEFLESYPQNCPPDALPGTPGNLDSAQEKALAELRKLLEDAGFIERLDDSTLLRFLRARKFDVQLAKEMFENCEKWRKDYGTDTILQDFHYDEKPLIAKFYPQYYHKTDKDGRPVYFEELGAVNLHEMNKVTSEERMLKNLVWEYESVVQYRLPACSRAAGHLVETSCTIMDLKGISISSAYSVMSYVREASYISQNYYPERMGKFYIINAPFGFSTAFRLFKPFLDPVTVSKIFILGSSYQKELLKQIPAENLPVKFGGKSEVDESKGGLYLSDIGPWRDPKYIGPEGEAPE,polypeptide(L)
1AUN,A,SGVFEVHNNCPYTVWAAATPVGGGRRLERGQSWWFWAPPGTKMARIWGRTNCNFDGAGRGWCQTGDCGGVLECKGWGKPPNTLAEYALNQFSNLDFWDISVIDGFNIPMSFGPTKPGPGKCHGIQCTANINGECPGSLRVPGGCNNPCTTFGGQQYCCTQGPCGPTELSRWFKQRCPDAYSYPQDDPTSTFTCTSWTTDYKVMFCPYG,polypeptide(L)
1B4V,A,DNGGYVPAVVIGTGYGAAVSALRLGEAGVQTLMLEMGQLWNQPGPDGNIFCGMLNPDKRSSWFKNRTEAPLGSFLWLDVVNRNIDPYAGVLDRVNYDQMSVYVGRGVGGGSLVNGGMAVEPKRSYFEEILPRVDSSEMYDRYFPRANSMLRVNHIDTKWFEDTEWYKFARVSREQAGKAGLGTVFVPNVYDFGYMQREAAGEVPKSALATEVIYGNNHGKQSLDKTYLAAALGTGKVTIQTLHQVKTIRQTKDGGYALTVEQKDTDGKLLATKEISCRYLFLGAGSLGSTELLVRARDTGTLPNLNSEVGAGWGPNGNIMTARANHMWNPTGAHQSSIPALGIDAWDNSDSSVFAEIAPMPAGLETWVSLYLAITKNPQRGTFVYDAATDRAKLNWTRDQNAPAVNAAKALFDRINKANGTIYRYDLFGTQLKAFADDFCYHPLGGCVLGKATDDYGRVAGYKNLYVTDGSLIPGSVGVNPFVTITALAERNVERIIKQDVTAS,polypeptide(L)
1BHP,A,KSCCKSTLGRNCYNLCRARGAQKLCANVCRCKLTSGLSCPKDFPK,polypeptide(L)
1BP1,A,VNPGVVVRISQKGLDYASQQGTAALQKELKRIKIPDYSDSFKIKHLGKGHYSFYSMDIREFQLPSSQISMVPNVGLKFSISNANIKISGKWKAQKRFLKMSGNFDLSIEGMSISADLKLGSNPTSGKPTITCSSCSSHINSVHVHISKSKVGWLIQLFHKKIESALRNKMNSQVCEKVTNSVSSKLQPYFQTLPVMTKIDSVAGINYGLVAPPATTAETLDVQMKGEFYSENHHNPPPFAPPVMEFPAAHDRMVYLGLSDYFFNTAGLVYQEAGVLKMTLRDDMIPKESKFRLTTKFFGTFLPEVAKKFPNMKIQIHVSASTPPHLSVQPTGLTFYPAVDVQAFAVLPNSALASLFLIGMHTTGSMEVSAESNRLVGELKLDRLLLELKHSNIGPFPVELLQDIMNYIVPILVLPRVNEKLQKGFPLPTPARVQLYNVVLQPHQNFLLFGADVVYK,polypeptide(L)
1BTN,A,MEGFLNRKHEWEAHNKKASSRSWHNVYCVINNQEMGFYKDAKSAASGIPYHSEVPVSLKEAICEVALDYKKKKHVFKLRLSDGNEYLFQAKDDEEMNTWIQAISSA,polypeptide(L)
1BU8,A,KEVCYGHLGCFSNDKPWAGMLQRPLKIFPWSPEDIDTRFLLYTNENPNNYQKISATEPDTIKFSNFQLDRKTRFIVHGFIDKGEDGWLLDMCKKMFQVEKVNCICVDWRRGSRTEYTQASYNTRVVGAEIAFLVQVLSTEMGYSPENVHLIGHSLGAHVVGEAGRRLEGHVGRITGLDPAEPCFQGLPEEVRLDPSDAMFVDVIHTDSAPIIPYLGFGMSQKVGHLDFFPNGGKEMPGCQKNILSTIVDINGIWEGTQNFVACNHLRSYKYYASSILNPDGFLGYPCSSYEKFQQNDCFPCPEEGCPKMGHYADQFEGKTATVEQTVYLNTGDSGNFTRWRYKVSVTLSGAKKLSGYILVALYGNNGNSKQYEIFKGSLKPEARHVRDIDVDINVGEIQKVKFLWNNKVINLFRPTLGASQITVQSGVDGKEYNFCSSDTVREDVLQSLYPC,polypeptide(L)
1BUN,A,NLINFMEMIRYTIPCEKTWGEYADYGCYCGAGGSGRPIDALDRCCYVHDNCYGDAEKKHKCNPKTQSYSYKLTKRTIICYGAAGTCARIVCDCDRTAALCFGNSEYIEGHKNIDTARFCQ,polypeptide(L)
1BWN,"A, B",AAVILESIFLKRSQQKKKTSPLNFKKRLFLLTVHKLSYYKYDFERGRRGSKKGSIDVEKITCVETVVPEKNPPPERQIPRRGEESSEMEQISIIERFPYPFQVVYDEGPLYVFSPTEELRKRWIHQLKNVIRYNSDLVQKYHPCFWIDGQYLCCSQTAKNAMGCQILEN,polypeptide(L)
1BXV,A,QTVAIKMGADNGMLAFEPSTIEIQAGDTVQWVNNKLAPHNVVVEGQPELSHKDLAFSPGETFEATFSEPGTYTYYCEPHRGAGMVGKIVVQ,polypeptide(L)
1C3I,"A, B",FRTFPGIPKWRKTHLTYRIVNYTPDLPKDAVDSAVEKALKVWEEVTPLTFSRLYEGEADIMISFAVREHGDFYPFDGPGNVLAHAYAPGPGINGDAHFDDDEQWTKDTTGTNLFLVAAHEIGHSLGLFHSANTEALMYPLYHSLTDLTRFRLSQDDINGIQSLYGPPPDSPET,polypeptide(L)
1C8Z,A,GSVDIEVQDLEEFALRPAPQGITIKCRITRDKKGMDRGMFPTYFLHLDREDGKKVFLLAGRKRKKSKTSNYLISVDPTDLSRGGDSYIGKLRSNLMGTKFTVYDNGVNPQKASSSTLESGTLRQELAAVCYETNVLGFKGPRKMSVIVPGMNMVHERVCIRPRNEHETLLARWQNKNTESIIELQNKTPVWNDDTQSYVLNFHGRVTQASVKNFQIIHGNDPDYIVMQFGRVAEDVFTMDYNYPLCALQAFAIALSSFDSKLACE,polypeptide(L)
1CA1,A,WDGKIDGTGTHAMIVTQGVSILENDLSKNEPESVRKNLEILKENMHELQLGSTYPDYDKNAYDLYQDHFWDPDTDNNFSKDNSWYLAYSIPDTGESQIRKFSALARYEWQRGNYKQATFYLGEAMHYFGDIDTPYHPANVTAVDSAGHVKFETFAEERKEQYKINTVGCKTNEDFYADILKNKDFNAWSKEYARGFAKTGKSIYYSHASMSHSWDDWDYAAKVTLANSQKGTAGYIYRFLHDVSEGNDPSVGKNVKELVAYISTSGEKDAGTDDYMYFGIKTKDGKTQEWEMDNPGNDFMTGSKDTYTFKLKDENLKIDDIQNMWIRKRKYTAFPDAYKPENIKVIANGKVVVDKDINEWISGNSTYNIK,polypeptide(L)
1CDT,"A, B",LKCNKLIPIAYKTCPEGKNLCYKMMLASKKMVPVKRGCINVCPKNSALVKYVCCSTDRCN,polypeptide(L)
1CJY,"A, B",MSFIDPYQHIIVEHQYSHKFTVVVLRATKVTKGAFGDMLDTPDPYVELFISTTPDSRKRTRHFNNDINPVWNETFEFILDPNQENVLEITLMDANYVMDETLGTATFTVSSMKVGEKKEVPFIFNQVTEMVLEMSLEVCSCPDLRFSMALCDQEKTFRQQRKEHIRESMKKLLGPKNSEGLHSARDVPVVAILGSGGGFRAMVGFSGVMKALYESGILDCATYVAGLSGSTWYMSTLYSHPDFPEKGPEEINEELMKNVSHNPLLLLTPQKVKRYVESLWKKKSSGQPVTFTDIFGMLIGETLIHNRMNTTLSSLKEKVNTAQCPLPLFTCLHVKPDVSELMFADWVEFSPYEIGMAKYGTFMAPDLFGSKFFMGTVVKKYEENPLHFLMGVWGSAFSILFNRVLGVSGSQSRGSTMEEELENITTKHIVSNDSSDSDDESHEPKGTENEDAGSDYQSDNQASWIHRMIMALVSDSALFNTREGRAGKVHNFMLGLNLNTSYPLSPLSDFATQDSFDDDELDAAVADPDEFERIYEPLDVKSKKIHVVDSGLTFNLPYPLILRPQRGVDLIISFDFSARPSDSSPPFKELLLAEKWAKMNKLPFPKIDPYVFDREGLKECYVFKPKNPDMEKDCPTIIHFVLANINFRKYKAPGVPRETEEEKEIADFDIFDDPESPFSTFNFQYPNQAFKRLHDLMHFNTLNNIDVIKEAMVESIEYRRQNPSRCSVSLSNVEARRFFNKEFLSKPKA,polypeptide(L)
1CK7,A,APSPIIKFPGDVAPKTDKELAVQYLNTFYGCPKESCNLFVLKDTLKKMQKFFGLPQTGDLDQNTIETMRKPRCGNPDVANYNFFPRKPKWDKNQITYRIIGYTPDLDPETVDDAFARAFQVWSDVTPLRFSRIHDGEADIMINFGRWEHGDGYPFDGKDGLLAHAFAPGTGVGGDSHFDDDELWTLGEGQVVRVKYGNADGEYCKFPFLFNGKEYNSCTDTGRSDGFLWCSTTYNFEKDGKYGFCPHEALFTMGGNAEGQPCKFPFRFQGTSYDSCTTEGRTDGYRWCGTTEDYDRDKKYGFCPETAMSTVGGNSEGAPCVFPFTFLGNKYESCTSAGRSDGKMWCATTANYDDDRKWGFCPDQGYSLFLVAAHAFGHAMGLEHSQDPGALMAPIYTYTKNFRLSQDDIKGIQELYGASPDIDLGTGPTPTLGPVTPEICKQDIVFDGIAQIRGEIFFFKDRFIWRTVTPRDKPMGPLLVATFWPELPEKIDAVYEAPQEEKAVFFAGNEYWIYSASTLERGYPKPLTSLGLPPDVQRVDAAFNWSKNKKTYIFAGDKFWRYNEVKKKMDPGFPKLIADAWNAIPDNLDAVVDLQGGGHSYFFKGAYYLKLENQSLKSVKFGSIKSDWLGC,polypeptide(L)
1CLE,"A, B",APTAKLANGDTITGLNAIINEAFLGIPFAEPPVGNLRFKDPVPYSGSLNGQKFTSYGPSCMQQNPEGTFEENLGKTALDLVMQSKVFQAVLPQSEDCLTINVVRPPGTKAGANLPVMLWIFGGGFEIGSPTIFPPAQMVTKSVLMGKPIIHVAVNYRVASWGFLAGDDIKAEGSGNAGLKDQRLGMQWVADNIAGFGGDPSKVTIFGESAGSMSVLCHLIWNDGDNTYKGKPLFRAGIMQSGAMVPSDPVDGTYGNEIYDLFVSSAGCGSASDKLACLRSASSDTLLDATNNTPGFLAYSSLRLSYLPRPDGKNITDDMYKLVRDGKYASVPVIIGDQNDEGTVFGLSSLNVTTNAQARAYFKQSFIHASDAEIDTLMAAYPQDITQGSPFDTGIFNAITPQFKRISAVLGDLAFIHARRYFLNHFQGGTKYSFLSKQLSGLPIMGTFHANDIVWQDYLLGSGSVIYNNAFIAFATDLDPNTAGLLVNWPKYTSSSQSGNNLMMINALGLYTGKDNFRTAGYDALMTNPSSFFV,polypeptide(L)
1CO6,A,QDAASGEQVFKQCLVCHSIGPGAKNKVGPVLNGLFGRHSGTIEGFAYSDANKNSGITWTEEVFREYIRDPKAKIPGTKMIFAGVKDEQKVSDLIAYIKQFNADGSKK,polypeptide(L)
1COL,"A, B",VAEKAKDERELLEKTSELIAGMGDKIGEHLGDKYKAIAKDIADNIKNFQGKTIRSFDDAMASLNKITANPAMKINKADRDALVNAWKHVDAQDMANKLGNLSKAFKVADVVMKVEKVREKSIEGYETGNWGPLMLEVESWVLSGIASSVALGIFSATLGAYALSLGVPAIAVGIAGILLAAVVGALIDDKFADALNNEIIRPAH,polypeptide(L)
1COY,A,APSRTLADGDRVPALVIGSGYGGAVAALRLTQAGIPTQIVEMGRSWDTPGSDGKIFCGMLNPDKRSMWLADKTDQPVSNFMGFGINKSIDRYVGVLDSERFSGIKVYQGRGVGGGSLVNGGMAVTPKRNYFEEILPSVDSNEMYNKYFPRANTGLGVNNIDQAWFESTEWYKFARTGRKTAQRSGFTTAFVPNVYDFEYMKKEAAGQVTKSGLGGEVIYGNNAGKKSLDKTYLAQAAATGKLTITTLHRVTKVAPATGSGYSVTMEQIDEQGNVVATKVVTADRVFFAAGSVGTSKLLVSMKAQGHLPNLSSQVGEGWGNNGNIMVGRANHMWDATGSKQATIPTMGIDNWADPTAPIFAEIAPLPAGLETYVSLYLAITKNPERARFQFNSGTGKVDLTWAQSQNQKGIDMAKKVFDKINQKEGTIYRTDLFGVYYKTWGDDFTYHPLGGVLLNKATDNFGRLPEYPGLYVVDGSLVPGNVGVNPFVTITALAERNMDKIISSDIQ,polypeptide(L)
1CZS,A,GCSTPLGMENGKIENKQITASSFKKSWWGDYWEPFRARLNAQGRVNAWQAKANNNKQWLEIDLLKIKKITAIITQGCKSLSSEMYVKSYTIHYSEQGVEWKPYRLKSSMVDKIFEGNTNTKGHVKNFFNPPIISRFIRVIPKTWNQSITLRLELFGCDIY,polypeptide(L)
1D3H,A,MATGDERFYAEHLMPTLQGLLDPESAHRLAVRFTSLGLLPRARFQDSDMLEVRVLGHKFRNPVGIAAGFDKHGEAVDGLYKMGFGFVEIGSVTPKPQEGNPRPRVFRLPEDQAVINRYGFNSHGLSVVEHRLRARQQKQAKLTEDGLPLGVNLGKNKTSVDAAEDYAEGVRVLGPLADYLVVNVSSPNTAGLRSLQGKAELRRLLTKVLQERDGLRRVHRPAVLVKIAPDLTSQDKEDIASVVKELGIDGLIVTNTTVSRPAGLQGALRSETGGLSGKPLRDLSTQTIREMYALTQGRVPIIGVGGVSSGQDALEKIRAGASLVQLYTALTFWGPPVVGKVKRELEALLKEQGFGGVTDAIGADHRR,polypeptide(L)
1D7P,A,LNSCSMPLGMESKAISDAQITASSYFTNMFATWSPSKARLHLQGRSNAWRPQVNNPKEWLQVDFQKTMKVTGVTTQGVKSLLTSMYVKEFLISSSQDGHQWTLFFQNGKVKVFQGNQDSFTPVVNCLDPPLLTRYLRIHPQSWVHQIALRMEVLGCEAQ,polypeptide(L)
1DAB,A,DWNNQSIVKTGERQHGIHIQGSDPGGVRTASGTTIKVSGRQAQGILLENPAAELQFRNGSVTSSGQLSDDGIRRFLGTVTVKAGKLVADHATLANVGDTWDDDGIALYVAGEQAQASIADSTLQGAGGVQIERGANVTVQRSAIVDGGLHIGALQSLQPEDLPPSRVVLRDTNVTAVPASGAPAAVSVLGASELTLDGGHITGGRAAGVAAMQGAVVHLQRATIRRGDALAGGAVPGGAVPGGAVPGGFGPGGFGPVLDGWYGVDVSGSSVELAQSIVEAPELGAAIRVGRGARVTVPGGSLSAPHGNVIETGGARRFAPQAAPLSITLQAGAHAQGKALLYRVLPEPVKLTLTGGADAQGDIVATELPSIPGTSIGPLDVALASQARWTGATRAVDSLSIDNATWVMTDNSNVGALRLASDGSVDFQQPAEAGRFKVLTVNTLAGSGLFRMNVFADLGLSDKLVVMQDASGQHRLWVRNSGSEPASANTLLLVQTPLGSAATFTLANKDGKVDIGTYRYRLAANGNGQWSLVGAKAPP,polypeptide(L)
1DAN,A,ANAFLEELRPGSLERECKEEQCSFEEAREIFKDAERTKLFWISYSDGDQCASSPCQNGGSCKDQLQSYICFCLPAFEGRNCETHKDDQLICVNENGGCEQYCSDHTGTKRSCRCHEGYSLLADGVSCTPTVEYPCGKIPILEKRNASKPQGR,polypeptide(L)
1DFN,"A, B",DCYCRIPACIAGERRYGTCIYQGRLWAFCC,polypeptide(L)
1DJT,"A, B",VRDAYIAKPHNCVYECARNEYCNDLCTKNGAKSGYCQWVGKYGNGCWCIELPDNVPIRVPGKCH,polypeptide(L)
1DOA,A,GSHMQTIKCVVVGDGAVGKTCLLISYTTNKFPSEYVPTVFDNYAVTVMIGGEPYTLGLFDTAGQEDYDRLRPLSYPQTDVFLVCFSVVSPSSFENVKEKWVPEITHHCPKTPFLLVGTQIDLRDDPSTIEKLAKNKQKPITPETAEKLARDLKAVKYVECSALTQKGLKNVFDEAILAALEPPEPKKSRRC,polypeptide(L)
1DYN,"A, B",MKTSGNQDEILVIRKGWLTINNIGIMKGGSKEYWFVLTAENLSWYKDDEEKEKKYMLSVDNLKLRDVEKGFMSSKHIFALFNTEQRNVYKDYRQLELACETQEEVDSWKASFLRAGVYPERVGDK,polypeptide(L)
1EDN,A,CSCSSLMDKECVYFCHLDIIW,polypeptide(L)
1EFV,A,MQSTLVIAEHANDSLAPITLNTITAATRLGGEVSCLVAGTKCDKVAQDLCKVAGIAKVLVAQHDVYKGLLPEELTPLILATQKQFNYTHICAGASAFGKNLLPRVAAKLEVAPISDIIAIKSPDTFVRTIYAGNALCTVKCDEKVKVFSVRGTSFDAAATSGGSASSEKASSTSPVEISEWLDQKLTKSDRPELTGAKVVVSGGRGLKSGENFKLLYDLADQLHAAVGASRAAVDAGFVPNDMQVGQTGKIVAPELYIAVGISGAIQHLAGMKDSKTIVAINKDPEAPIFQVADYGIVADLFKVVPEMTEILKKK,polypeptide(L)
1EPB,"A, B",AVVKDFDISKFLGFWYEIAFASKMGTPGLAHKEEKMGAMVVELKENLLALTTTYYSEDHCVLEKVTATEGDGPAKFQVTRLSGKKEVVVEATDYLTYAIIDITSLVAGAVHRTMKLYSRSLDDNGEALYNFRKITSDHGFSETDLYILKHDLTCVKVLQSAAES,polypeptide(L)
1ETH,"A, C",SEVCFPRLGCFSDDAPWAGIVQRPLKILPWSPKDVDTRFLLYTNQNQNNYQELVADPSTITNSNFRMDRKTRFIIHGFIDKGEEDWLSNICKNLFKVESVNCICVDWKGGSRTGYTQASQNIRIVGAEVAYFVEVLKSSLGYSPSNVHVIGHSLGSHAAGEAGRRTNGTIERITGLDPAEPCFQGTPELVRLDPSDAKFVDVIHTDAAPIIPNLGFGMSQTVGHLDFFPNGGKQMPGCQKNILSQIVDIDGIWEGTRDFVACNHLRSYKYYADSILNPDGFAGFPCDSYNVFTANKCFPCPSEGCPQMGHYADRFPGKTNGVSQVFYLNTGDASNFARWRYKVSVTLSGKKVTGHILVSLFGNEGNSRQYEIYKGTLQPDNTHSDEFDSDVEVGDLQKVKFIWYNVINPTLPRVGASKITVERNDGKVYDFCSQETVREEVLLTLNPC,polypeptide(L)
1ETN,A,XCELCCNPACAGC,polypeptide(L)
1FLE,A,VVGGTEAQRNSWPSQISLQYRSGSSWAHTCGGTLIRQNWVMTAAHCVDRELTFRVVVGEHNLNQNNGTEQYVGVQKIVVHPYWNTDDVAAGYDIALLRLAQSVTLNSYVQLGVLPRAGTILANNSPCYITGWGLTRTNGQLAQTLQQAYLPTVDYAICSSSSYWGSTVKNSMVCAGGDGVRSGCQGDSGGPLHCLVNGQYAVHGVTSFVSRLGCNVTRKPTVFTRVSAYISWINNVIASN,polypeptide(L)
1GOT,C,MPVINIEDPVINIEDLTEKDKLKMEVDQLKKEVTLERMLVSKCCEEFRDYVEERSGEDPLVKGIPEDKNPFKE,polypeptide(L)
1GPL,A,AEVCYSHLGCFSDEKPWAGTSQRPIKSLPSDPKKINTRFLLYTNENQNSYQLITATDIATIKASNFNLNRKTRFIIHGFTDSGENSWLSDMCKNMFQVEKVNCICVDWKGGSKAQYSQASQNIRVVGAEVAYLVQVLSTSLNYAPENVHIIGHSLGAHTAGEAGKRLNGLVGRITGLDPAEPYFQDTPEEVRLDPSDAKFVDVIHTDISPILPSLGFGMSQKVGHMDFFPNGGKDMPGCKTGISCNHHRSIEYYHSSILNPEGFLGYPCASYDEFQESGCFPCPAKGCPKMGHFADQYPGKTNAVEQTFFLNTGASDNFTRWRYKVSVTLSGKKVTGHILVSLFGNKGNSKQYEIFKGTLKPDSTHSNEFDSDVDVGDLQMVKFIWYNNVINPTLPRVGASKIIVETNVGKQFNFCSPETVREEVLLTLTPC,polypeptide(L)
1GYM,A,ASSVNELENWSKWMQPIPDSIPLARISIPGTHDSGTFKLQNPIKQVWGMTQEYDFRYQMDHGARIFDIRGRLTDDNTIVLHHGPLYLYVTLHEFINEAKQFLKDNPSETIIMSLKKEYEDMKGAEDSFSSTFEKKYFVDPIFLKTEGNIKLGDARGKIVLLKRYSGSNEPGGYNNFYWPDNETFTTTVNQNANVTVQDKYKVSYDEKVKSIKDTMDETMNNSEDLNHLYINFTSLSSGGTAWNSPYYYASYINPEIANYIKQKNPARVGWVIQDYINEKWSPLLYQEVIRANKSLIKE,polypeptide(L)
1HPL,"A, B",NEVCYERLGCFSDDSPWAGIVERPLKILPWSPEKVNTRFLLYTNENPDNFQEIVADPSTIQSSNFNTGRKTRFIIHGFIDKGEESWLSTMCQNMFKVESVNCICVDWKSGSRTAYSQASQNVRIVGAEVAYLVGVLQSSFDYSPSNVHIIGHSLGSHAAGEAGRRTNGAVGRITGLDPAEPCFQGTPELVRLDPSDAQFVDVIHTDIAPFIPNLGFGMSQTAGHLDFFPNGGKEMPGCQKNVLSQIVDIDGIWQGTRDFAACNHLRSYKYYTDSILNPDGFAGFSCASYSDFTANKCFPCSSEGCPQMGHYADRFPGRTKGVGQLFYLNTGDASNFARWRYRVDVTLSGKKVTGHVLVSLFGNKGNSRQYEIFQGTLKPDNTYSNEFDSDVEVGDLEKVKFIWYNNVINLTLPKVGASKITVERNDGSVFNFCSEETVREDVLLTLTAC,polypeptide(L)
1JFR,"A, B",AANPYERGPAPTNASIEASRGPYATSQTSVSSLVASGFGGGTIYYPTSTADGTFGAVVISPGFTAYQSSIAWLGPRLASQGFVVFTIDTNTTLDQPDSRGRQLLSALDYLTQRSSVRTRVDATRLGVMGHSMGGGGSLEAAKSRTSLKAAIPLTGWNTDKTWPELRTPTLVVGADGDTVAPVATHSKPFYESLPGSLDKAYLELRGASHFTPNTSDTTIAKYSISWLKRFIDSDTRYEQFLCPIPRPSLTIAEYRGTCPHTS,polypeptide(L)
1JIA,"A, B",HLLQFRKMIKKMTGKEPVVSYAFYGCYCGSGGRGKPKDATDRCCFVHDCCYEKVTGCDPKWDDYTYSWKNGTIVCGGDDPCKKEVCECDKAAAICFRDNLKTYKKRYMAYPDILCSSKSEKC,polypeptide(L)
1KXI,"A, B",LKCHNTQLPFIYKTCPEGKNLCFKATLKKFPLKFPVKRGCADNCPKNSALLKYVCCSTDKCN,polypeptide(L)
1LBS,"A, B, C, D, E, F",LPSGSDPAFSQPKSVLDAGLTCQGASPSSVSKPILLVPGTGTTGPQSFDSNWIPLSTQLGYTPCWISPPPFMLNDTQVNTEYMVNAITALYAGSGNNKLPVLTWSQGGLVAQWGLTFFPSIRSKVDRLMAFAPDYKGTVLAGPLDALAVSAPSVWQQTTGSALTTALRNAGGLTQIVPTTNLYSATDEIVQPQVSNSPLDSSYLFNGKNVQAQAVCGPLFVIDHAGSLTSQFSYVVGRSALRSTTGQARSADYGITDCNPLPANDLTPEQKVAAAALLAPAAAAIVAGPKQNCEPDLMPYARPFAVGKRTCSGIVTP,polypeptide(L)
1LGY,"A, B, C",SDGGKVVAATTAQIQEFTKYAGIAATAYCRSVVPGNKWDCVQCQKWVPDGKIITTFTSLLSDTNGYVLRSDKQKTIYLVFRGTNSFRSAITDIVFNFSDYKPVKGAKVHAGFLSSYEQVVNDYFPVVQEQLTAHPTYKVIVTGHSLGGAQALLAGMDLYQREPRLSPKNLSIFTVGGPRVGNPTFAYYVESTGIPFQRTVHKRDIVPHVPPQSFGFLHPGVESWIKSGTSNVQICTSEIETKDCSNSIVPFTSILDHLSYFDINEGSCL,polypeptide(L)
1LPB,B,KEVCYERLGCFSDDSPWSGITERPLHILPWSPKDVNTRFLLYTNENPNNFQEVAADSSSISGSNFKTNRKTRFIIHGFIDKGEENWLANVCKNLFKVESVNCICVDWKGGSRTGYTQASQNIRIVGAEVAYFVEFLQSAFGYSPSNVHVIGHSLGAHAAGEAGRRTNGTIGRITGLDPAEPCFQGTPELVRLDPSDAKFVDVIHTDGAPIVPNLGFGMSQVVGHLDFFPNGGVEMPGCKKNILSQIVDIDGIWEGTRDFAACNHLRSYKYYTDSIVNPDGFAGFPCASYNVFTANKCFPCPSGGCPQMGHYADRYPGKTNDVGQKFYLDTGDASNFARWRYKVSVTLSGKKVTGHILVSLFGNKGNSKQYEIFKGTLKPDSTHSNEFDSDVDVGDLQMVKFIWYNNVINPTLPRVGASKIIVETNVGKQFNFCSPETVREEVLLTLTPC,polypeptide(L)
1LPP,A,MELALALSLIASVAAAPTATLANGDTITGLNAIINEAFLGIPFAEPPVGNLRFKDPVPYSGSLDGQKFTSYGPSCMQQNPEGTYEENLPKAALDLVMQSKVFEAVSPSSEDCLTINVVRPPGTKAGANLPVMLWIFGGGFEVGGTSTFPPAQMITKSIAMGKPIIHVSVNYRVSSWGFLAGDEIKAEGSANAGLKDQRLGMQWVADNIAAFGGDPTKVTIFGESAGSMSVMCHILWNDGDNTYKGKPLFRAGIMQSGAMVPSDAVDGIYGNEIFDLLASNAGCGSASDKLACLRGVSSDTLEDATNNTPGFLAYSSLRLSYLPRPDGVNITDDMYALVREGKYANIPVIIGDQNDEGTFFGTSSLNVTTDAQAREYFKQSFVHASDAEIDTLMTAYPGDITQGSPFDTGILNALTPQFKRISAVLGDLGFTLARRYFLNHYTGGTKYSFLSKQLSGLPVLGTFHSNDIVFQDYLLGSGSLIYNNAFIAFATDLDPNTAGLLVKWPEYTSSSQSGNNLMMINALGLYTGKDNFRTAGYDALFSNPPSFFV,polypeptide(L)
1LYB,"A, D",GPIPEVLKNYMDAQYYGEIGIGTPPQCFTVVFDTGSSNLWVPSIHCKLLDIACWIHHKYNSDKSSTYVKNGTSFDIHYGSGSLSGYLSQDTVSVPCQ,polypeptide(L)
1NEU,A,IVVYTDREVYGAVGSQVTLHCSFWSSEWVSDDISFTWRYQPEGGRDAISIFHYAKGQPYIDEVGTFKERIQWVGDPSWKDGSIVIHNLDYSDNGTFTCDVKNPPDIVGKTSQVTLYVFEKVPTR,polypeptide(L)
1OXM,"A, B",LPTSNPAQELEARQLGRTTRDDLINGNSASCADVIFIYARGSTETGNLGTLGPSIASNLESAFGKDGVWIQGVGGAYRATLGDNALPRGTSSAAIREMLGLFQQANTKCPDATLIAGGYSQGAALAAASIEDLDSAIRDKIAGTVLFGYTKNLQNRGRIPNYPADRTKVFCNTGDLVCTGSLIVAAPHLAYGPDARGPAPEFLIEKVRAVRGSA,polypeptide(L)
1PMY,A,DEVAVKMLNSGPGGMMVFDPALVRLKPGDSIKFLPTDKGHNVETIKGMAPDGADYVKTTVGQEAVVKFDKEGVYGFKCAPHYMMGMVALVVVGDKRDNLEAAKSVQHNKLTQKRLDPLFAQIQ,polypeptide(L)
1POA,A,NLYQFKNMIQCTVPSRSWWDFADYGCYCGRGGSGTPVDDLDRCCQVHDNCYNEAEKISGCWPYFKTYSYECSQGTLTCKGGNNACAAAVCDCDRLAAICFAGAPYNDNDYNINLKARC,polypeptide(L)
1POC,A,IIYPGTLWCGHGNKSSGPNELGRFKHTDACCRTHDMCPDVMSAGESKHGLTNTASHTRLSCDCDDKFYDCLKNSADTISSYFVGKMYFNLIDTKCYKLEHPVTGCGERTEGRCLHYTVDKSKPKVYQWFDLRKY,polypeptide(L)
1PP2,"A, B",SLVQFETLIMKIAGRSGLLWYSAYGCYCGWGGHGLPQDATDRCCFVHDCCYGKATDCNPKTVSYTYSEENGEIICGGDDPCGTQICECDKAAAICFRDNIPSYDNKYWLFPPKDCREEPEPC,polypeptide(L)
1PTR,A,HRFKVYNYMSPTFCDHCGSLLWGLVKQGLKCEDCGMNVHHKCREKVANLC,polypeptide(L)
1PVL,A,AQHITPVSEKKVDDKITLYKTTATSDSDKLKISQILTFNFIKDKSYDKDTLILKAAGNIYSGYTKPNPKDTISSQFYWGSKYNISINSDSNDSVNVVDYAPKNQNEEFQVQQTVGYSYGGDINISNGLSGGGNGSKSFSETINYKQESYRTSLDKRTNFKKIGWDVEAHKIMNNGWGPYGRDSYHSTYGNEMFLGSRQSNLNAGQNFLEYHKMPVLSRGNFNPEFIGVLSRKQNAAKKSKITVTYQREMDRYTNFWNQLHWIGNNYKDENRATHTSIYEVDWENHTVKLIDTQSKEKNPMS,polypeptide(L)
1QDM,"A, B, C",VRIALKKRPIDRNSRVATGLSGGEEQPLLSGANPLRSEEEGDIVALKNYMNAQYFGEIGVGTPPQKFTVIFDTGSSNLWVPSAKCYFSIACYLHSRYKAGASSTYKKNGKPAAIQYGTGSIAGYFSEDSVTVGDLVVKDQEFIEATKEPGITFLVAKFDGILGLGFKEISVGKAVPVWYKMIEQGLVSDPVFSFWLNRHVDEGEGGEIIFGGMDPKHYVGEHTYVPVTQKGYWQFDMGDVLVGGKSTGFCAGGCAAIADSGTSLLAGPTAIITEINEKIGAAGVVSQECKTIVSQYGQQILDLLLAETQPKKICSQVGLCTFDGTRGVSAGIRSVVDDEPVKSNGLRADPMCSACEMAVVWMQNQLAQNKTQDLILDYVNQLCNRLPSPMGESAVDCGSLGSMPDIEFTIGGKKFALKPEEYILKVGEGAAAQCISGFTAMDIPPPRGPLWILGDVFMGPYHTVFDYGKLRIGFAKAA,polypeptide(L)
1QMD,"A, B",WDGKIDGTGTHAMIVTQGVSILENDLSKNEPESVRKNLEILKENMHELQLGSTYPDYDKNAYDLYQDHFWDPDTDNNFSKDNSWYLAYSIPDTGESQIRKFSALARYEWQRGNYKQATFYLGEAMHYFGDIDTPYHPANVTAVDSAGHVKFETFAEERKEQYKINTAGCKTNEAFYTDILKNKDFNAWSKEYARGFAKTGKSIYYSHASMSHSWDDWDYAAKVTLANSQKGTAGYIYRFLHDVSEGNDPSVGKNVKELVAYISTSGEKDAGTDDYMYFGIKTKDGKTQEWEMDNPGNDFMTGSKDTYTFKLKDENLKIDDIQNMWIRKRKYTAFSDAYKPENIKIIANGKVVVDKDINEWISGNSTYNIK,polypeptide(L)
1QS8,"A, B",LGSENDVIELDDVANIMFYGEGEVGDNHQKFMLIFDTGSANLWVPSKKCNSSGCSIKNLYDSSKSKSYEKDGTKVDITYGSGTVKGFFSKDLVTLGHLSMPYKFIEVIDTDDLEPIYSSVEFDGILGLGWKDLSIGSIDPIVVELKNQNKIDNALFTFYLPVHDVHAGYLTIGGIEEKFYEGNITYEKLNHDLYWQIDLDVHFGKQTMEKANVIVDSGTTTITAPSEFLNKFFANLNVIKVPFLPFYVTTCDNKEMPTLEFKSANNTYTLEPEYYMNPILEVDDTLCMITMLPVDIDSNTFILGDPFMRKYFTVFDYDKESVGFAIAKN,polypeptide(L)
1QTF,A,KEYSAEEIRKLKQKFEVPPTDKELYTHITDNARSPYNSVGTVFVKGSTLATGVLIGKNTIVTNYHVAREAAKNPSNIIFTPAQNRDAEKNEFPTPYGKFEAEEIKESPYGQGLDLAIIKLKPNEKGESAGDLIQPANIPDHIDIAKGDKYSLLGYPYNYSAYSLYQSQIEMFNDSQYFGYTEVGNSGSGIFNLKGELIGIHSGKGGQHNLPIGVFFNRKISSLYSVDNTFGDTLGNDLKKRAKLDK,polypeptide(L)
1RBP,A,ERDCRVSSFRVKENFDKARFSGTWYAMAKKDPEGLFLQDNIVAEFSVDETGQMSATAKGRVRLLNNWDVCADMVGTFTDTEDPAKFKMKYWGVASFLQKGNDDHWIVDTDYDTYAVQYSCRLLNLDGTCADSYSFVFSRDPNGLPPEAQKIVRQRQEELCLARQYRLIVHNGYCDGRSERNL,polypeptide(L)
1RLW,A,SSHKFTVVVLRATKVTKGAFGDMLDTPDPYVELFISTTPDSRKRTRHFNNDINPVWNETFEFILDPNQENVLEITLMDANYVMDETLGTATFTVSSMKVGEKKEVPFIFNQVTEMVLEMSLEVASS,polypeptide(L)
1RP1,A,KEVCYEQIGCFSDAEPWAGTAIRPLKVLPWSPERIGTRFLLYTNKNPNNFQTLLPSDPSTIGASNFQTDKKTRFIIHGFIDKGEENWLLDMCKNMFKVEEVNCICVDWKKGSQTSYTQAANNVRVVGAQVAQMLSMLSANYSYSPSQVQLIGHSLGAHVAGEAGSRTPGLGRITGLDPVEASFQGTPEEVRLDPTDADFVDVIHTDAAPLIPFLGFGTSQQMGHLDFFPNGGEEMPGCKKNALSQIVDLDGIWEGTRDFVACNHLRSYKYYSESILNPDGFASYPCASYRAFESNKCFPCPDQGCPQMGHYADKFAVKTSDETQKYFLNTGDSSNFARWRYGVSITLSGKRATGQAKVALFGSKGNTHQFNIFKGILKPGSTHSNEFDAKLDVGTIEKVKFLWNNNVVNPTFPKVGAAKITVQKGEEKTVHSFCSESTVREDVLLTLTPC,polypeptide(L)
1RSY,A,GSPGISGGGGGILDSMVEKEEPKEEEKLGKLQYSLDYDFQNNQLLVGIIQAAELPALDMGGTSDPYVKVFLLPDKKKKFETKVHRKTLNPVFNEQFTFKVPYSELGGKTLVMAVYDFDRFSKHDIIGEFKVPMNTVDFGHVTEEWRDLQSAE,polypeptide(L)
1SVF,"A, C",TAAVALVKANENAAAILNLKNAIQKTNAAVADVVQATQSLGTAVQAVQDHINSVVSPAITAANY,polypeptide(L)
1TGX,"A, B, C",LKCNQLIPPFWKTCPKGKNLCYKMTMRAAPMVPVKRGCIDVCPKSSLLIKYMCCNTDKCN,polypeptide(L)
1THG,A,QAPTAVLNGNEVISGVLEGKVDTFKGIPFADPPLNDLRFKHPQPFTGSYQGLKANDFSPACMQLDPGNSLTLLDKALGLAKVIPEEFRGPLYDMAKGTVSMNEDCLYLNVFRPAGTKPDAKLPVMVWIYGGAFVYGSSAAYPGNSYVKESINMGQPVVFVSINYRTGPFGFLGGDAITAEGNTNAGLHDQRKGLEWVSDNIANFGGDPDKVMIFGESAGAMSVAHQLIAYGGDNTYNGKKLFHSAILQSGGPLPYHDSSSVGPDISYNRFAQYAGCDTSASANDTLECLRSKSSSVLHDAQNSYDLKDLFGLLPQFLGFGPRPDGNIIPDAAYELFRSGRYAKVPYISGNQEDEGTAFAPVALNATTTPHVKKWLQYIFYDASEASIDRVLSLYPQTLSVGSPFRTGILNALTPQFKRVAAILSDMLFQSPRRVMLSATKDVNRWTYLSTHLHNLVPFLGTFHGNELIFQFNVNIGPANSYLRYFISFANHHDPNVGTNLLQWDQYTDEGKEMLEIHMTDNVMRTDDYRIEGISNFETDVNLYG,polypeptide(L)
1TRH,A,APTATLANGDTITGLNAIINEAFLGIPFAEPPVGNLRFKDPVPYSGSLDGQKFTSYGPSCMQQNPEGTYEENLPKAALDLVMQSKVFEAVSPSSEDCLTINVVRPPGTKAGANLPVMLWIFGGGFEVGGTSTFPPAQMITKSIAMGKPIIHVSVNYRVSSWGFLAGDEIKAEGSANAGLKDQRLGMQWVADNIAAFGGDPTKVTIFGESAGSMSVMCHILWNDGDNTYKGKPLFRAGIMQSGAMVPSDAVDGIYGNEIFDLLASNAGCGSASDKLACLRGVSSDTLEDATNNTPGFLAYSSLRLSYLPRPDGVNITDDMYALVREGKYANIPVIIGDQNDEGTFFGTSSLNVTTDAQAREYFKQSFVHASDAEIDTLMTAYPGDITQGSPFDTGILNALTPQFKRISAVLGDLGFTLARRYFLNHYTGGTKYSFLSKQLSGLPVLGTFHSNDIVFQDYLLGSGSLIYNNAFIAFATDLDPNTAGLLVKWPEYTSSSQSGNNLMMINALGLYTGKDNFRTAGYDALFSNPPSFFV,polypeptide(L)
1VFY,A,DSKTPADWIDSDACMICSKKFSLLNRKHHCRSCGGVFCQEHSSNSIPLPDLGIYEPVRVCDSCFEDYEFIVTD,polypeptide(L)
1VMO,"A, B",RTREYTSVITVPNGGHWGKWGIRQFCHSGYANGFALKVEPSQFGRDDTALNGIRLRCLDGSVIESLVGKWGTWTSFLVCPTGYLVSFSLRSEKSQGGGDDTAANNIQFRCSDEAVLVGDGLSWGRFGPWSKRCKICGLQTKVESPQGLRDDTALNNVRFFCCK,polypeptide(L)
1WFB,"A, B",DTASDAAAAAALTAANAKAAAELTAANAAAAAAATARX,polypeptide(L)
1XY2,A,XYIQNCPLGX,polypeptide(L)
1ZBD,A,GSHMFDYMFKILIIGNSSVGKTSFLFRYADDSFTPAFVSTVGIDFKVKTIYRNDKRIKLQIWDTAGLERYRTITTAYYRGAMGFILMYDITNEESFNAVQDWSTQIKTYSWDNAQVLLVGNKCDMEDERVVSSERGRQLADHLGFEFFEASAKDNINVKQTFERLVDVICEKMSESLDTADPAVTGAKQGPQLTDQQAPPHQD,polypeptide(L)
2BCE,A,AKLGSVYTEGGFVEGVNKKLSLFGDSVDIFKGIPFAAAPKALEKPERHPGWQGTLKAKSFKKRCLQATLTQDSTYGNEDCLYLNIWVPQGRKEVSHDLPVMIWIYGGAFLMGASQGANFLSNYLYDGEEIATRGNVIVVTFNYRVGPLGFLSTGDSNLPGNYGLWDQHMAIAWVKRNIEAFGGDPDQITLFGESAGGASVSLQTLSPYNKGLIKRAISQSGVGLCPWAIQQDPLFWAKRIAEKVGCPVDDTSKMAGCLKITDPRALTLAYKLPLGSTEYPKLHYLSFVPVIDGDFIPDDPVNLYANAADVDYIAGTNDMDGHLFVGMDVPAINSNKQDVTEEDFYKLVSGLTVTKGLRGAQATYEVYTEPWAQDSSQETRKKTMVDLETDILFLIPTKIAVAQHKSHAKSANTYTYLFSQPSRMPIYPKWMGADHADDLQYVFGKPFATPLGYRAQDRTVSKAMIAYWTNFARTGDPNTGHSTVPANWDPYTLEDDNYLEINKQMDSNSMKLHLRTNYLQFWTQTYQALPTVTSAGASLLPPEDNSQASPVPPADNSGAPTEPSAGDSEVAQMPVVIGF,polypeptide(L)
2MLT,"A, B",GIGAVLKVLTTGLPALISWIKRKRQQX,polypeptide(L)
2PLH,A,KSCCRSTLGRNCYNLCRARGAQKLCAGVCRCKISSGLSCPKGFPK,polypeptide(L)
2PLT,A,DATVKLGADSGALEFVPKTLTIKSGETVNFVNNAGFPHNIVFDEDAIPSGVNADAISRDDYLNAPGETYSVKLTAAGEYGYYCEPHQGAGMVGKIIVQ,polypeptide(L)
2SN3,A,KEGYLVKKSDGCKYGCLKLGENEGCDTECKAKNQGGSYGYCYAFACWCEGLPESTPTYPLPNKSC,polypeptide(L)
2TRC,B,MPVINIEDLTEKDKLKMEVDQLKKEVTLERMLVSKCCEEFRDYVEERSGEDPLVKGIPEDKNPFKELK,polypeptide(L)
3EBX,A,RICFNHQSSQPQTTKTCSPGESSCYHKQWSDFRGTIIERGCGCPTVKPGIKLSCCESEVCNN,polypeptide(L)
3TGL,A,SINGGIRAATSQEINELTYYTTLSANSYCRTVIPGATWDCIHCDATEDLKIIKTWSTLIYDTNAMVARGDSEKTIYIVFRGSSSIRNWIADLTFVPVSYPPVSGTKVHKGFLDSYGEVQNELVATVLDQFKQYPSYKVAVTGHSLGGATVLLCALDLYQREEGLSSSNLFLYTQGQPRVGDPAFANYVVSTGIPYRRTVNERDIVPHLPPAAFGFLHAGEEYWITDNSPETVQVCTSDLETSDCSNSIVPFTSVLDHLSYFGINTGLCT,polypeptide(L)
451C,A,EDPEVLFKNKGCVACHAIDTKMVGPAYKDVAAKFAGQAGAEAELAQRIKNGSQGVWGPIPMPPNAVSDDEAQTLAKWVLSQK,polypeptide(L)
4P2P,A,ALWQFRSMIKCAIPGSHPLMDFNNYGCYCGLGGSGTPVDELDRCCETHDNCYRDAKNLDSCKFLVDNPYTESYSYSCSNTEITCNSKNNACEAFICNCDRNAAICFSKAPYNKEHKNLDTKKYC,polypeptide(L)
4TGL,A,SINGGIRAATSQEINELTYYTTLSANSYCRTVIPGATWDCIHCDATEDLKIIKTWSTLIYDTNAMVARGDSEKTIYIVFRGSSSIRNWIADLTFVPVSYPPVSGTKVHKGFLDSYGEVQNELVATVLDQFKQYPSYKVAVTGHSLGGATALLCALDLYQREEGLSSSNLFLYTQGQPRVGNPAFANYVVSTGIPYRRTVNERDIVPHLPPAAFGFLHAGSEYWITDNSPETVQVCTSDLETSDCSNSIVPFTSVLDHLSYFGINTGLCT,polypeptide(L)
1AQT,A,GSTYHLDVVSAEQQMFSGLVEKIQVTGSEGELGIYPGHAPLLTAIKPGMIRIVKQHGHEEFIYLSGGILEVQPGNVTVLADTAIRGQDLDEARAMEAKRKAEEHISSSHGDVDYAQASAELAKAIAQLRVIELTKKAM,polypeptide(L)
1LKF,A,EGKITPVSVKKVDDKVTLYKTTATADSDKFKISQILTFNFIKDKSYDKDTLVLKATGNINSGFVKPNPNDYDFSKLYWGAKYNVSISSQSNDSVNVVDYAPKNQNEEFQVQNTLGYTFGGDISISNGLSGGLNGNTAFSETINYKQESYRTTLSRNTNYKNVGWGVEAHKIMNNGWGPYGRDSFHPTYGNELFLAGRQSSAYAGQNFIAQHQMPLLSRSNFNPEFLSVLSHRQDGAKKSKITVTYQREMDLYQIRWNGFYWAGANYKNFKTRTFKSTYEIDWENHKVKLLDTKETENNK,polypeptide(L)
1LOX,A,GVYRVCVSTGASIYAGSKNKVELWLVGQHGEVELGSCLRPTRNKEEEFKVNVSKYLGSLLFVRLRKKHFLKEDAWFCNWISVQALGAAEDKYWFPCYRWVVGDGVQSLPVGTGCTTVGDPQGLFQKHREQELEERRKLYQWGSWKEGLILNVAGSKLTDLPVDERFLEDKKIDFEASLAWGLAELALKNSLNILAPWKTLDDFNRIFWCGRSKLARRVRDSWQEDSLFGYQFLNGANPMLLRRSVQLPARLVFPPGMEELQAQLEKELKAGTLFEADFALLDNIKANVILYCQQYLAAPLVMLKLQPDGKLMPMVIQLHLPKIGSSPPPLFLPTDPPMVWLLAKCWVRSSDFQVHELNSHLLRGHLMAEVFTVATMRCLPSIHPVFKLIVPHLRYTLEINVRARNGLVSDFGIFDQIMSTGGGGHVQLLQQAGAFLTYRSFCPPDDLADRGLLGVESSFYAQDALRLWEIISRYVQGIMGLYYKTDEAVRDDLELQSWCREITEIGLQGAQKQGFPTSLQSVAQACHFVTMCIFTCTGQHSSIHLGQLDWFTWVPNAPCTMRLPPPTTKDATLETVMATLPNLKQSSLQMSIVWQLGRDQPIMVPLGQHQEEYFSGPEPRAVLEKFREELAIMDKEIEVRNEKLDIPYEYLRPSIVENSVAI,polypeptide(L)
2LKF,A,EGKITPVSVKKVDDKVTLYKTTATADSDKFKISQILTFNFIKDKSYDKDTLVLKATGNINSGFVKPNPNDYDFSKLYWGAKYNVSISSQSNDSVNVVDYAPKNQNEEFQVQNTLGYTFGGDISISNGLSGGLNGNTAFSETINYKQESYRTTLSRNTNYKNVGWGVEAHKIMNNGWGPYGRDSFHPTYGNELFLAGRQSSAYAGQNFIAQHQMPLLSRSNFNPEFLSVLSHRQDGAKKSKITVTYQREMDLYQIRWNGFYWAGANYKNFKTRTFKSTYEIDWENHKVKLLDTKETENNK,polypeptide(L)
2VSG,"A, B",THFGVKYELWQPECELTAELRKTAGVAKMKVNSDLNSFKTLELTKMKLLTFAAKFPESKEALTLRALEAALNTDLRALRDNIANGIDRAVRATAYASEAAGALFSGIQTLHDATDGTTYCLSASGQGSNGNAAMASQGCKPLALPELLTEDSYNTDVISDKGFPKISPLTNAQGQGKSGECGLFQAASGAQATNTGVQFSGGSRINLGLGAIVASAAQQPTRPDLSDFSGTARNQADTLYGKAHASITELLQLAQGPKPGQTEVETMKLLAQKTAALDSIKFQLAASTGKKTSDYKEDENLKTEYFGKTESNIEALWNKVKEEKVKGADPEDPSKESKISDLNTEEQLQRVLDYYAVA,polypeptide(L)
3SQC,"A, B, C",MAEQLVEAPAYARTLDRAVEYLLSCQKDEGYWWGPLLSNVTMEAEYVLLCHILDRVDRDRMEKIRRYLLHEQREDGTWALYPGGPPDLDTTIEAYVALKYIGMSRDEEPMQKALRFIQSQGGIESSRVFTRMWLALVGEYPWEKVPMVPPEIMFLGKRMPLNIYEFGSWARATVVALSIVMSRQPVFPLPERARVPELYETDVPPRRRGAKGGGGWIFDALDRALHGYQKLSVHPFRRAAEIRALDWLLERQAGDGSWGGIQPPWFYALIALKILDMTQHPAFIKGWEGLELYGVELDYGGWMFQASISPVWDTGLAVLALRAAGLPADHDRLVKAGEWLLDRQITVPGDWAVKRPNLKPGGFAFQFDNVYYPDVCDTAVVVWALNTLRLPDERRRRDAMTKGFRWIVGMQSSNGGWGAYDVDNTSDLPNHIPFCDFGEVTDPPSEDVTAHVLECFGSFGYDDAWKVIRRAVEYLKREQKPDGSWFGRWGVNYLYGTGAVVSALKAVGIDTREPYIQKALDWVEQHQNPDGGWGEDCRSYEDPAYAGKGASTPSQTAWALMALIAGGRAESEAARRGVQYLVETQRPDGGWDEPYYTGTGFPGDFYLGYTMYRHVFPTLALGRYKQAIERR,polypeptide(L)
1CWQ,"A, B",MQAQITGRPEWIWLALGTALMGLGTLYFLVKGMGVSDPDAKKFYAITTLVPAIAFTMYLSMLLGYGLTMVPFGGEQNPIYWARYADWLFTTPLLLLDLALLVDADQGTILALVGADGIMIGTGLVGALTKVYSYRFVWWAISTAAMLYILYVLFFGFTSKAESMRPEVASTFKVLRNVTVVLWSAYPVVWLIGSEGAGIVPLNIETLLFMVLDVSAKVGFGLILLRSRAIFGEAEAPEPSADGAAATS,polypeptide(L)
